__mclCluster	name	PRWP
142.0	GTF2H4	0.0
142.0	GTF2H2	0.0
143.0	COL17A1	0.0
143.0	ITGA6	0.0
-1	TPM3	-1
14.0	UBE2V1	0.0
144.0	NEURL4	0.0
144.0	CCP110	0.0
62.0	RAPGEF6	0.0
145.0	EIF4A3	0.0
145.0	SRSF1	0.0
63.0	MAP2K3	0.0
146.0	PTBP1	0.0
23.0	AGO3	0.0
64.0	KLHL3	0.0
147.0	MAD2L1BP	13726.6065041
148.0	ANAPC11	13073.8318005
148.0	UBE2C	13073.8318005
23.0	AGO1	0.0
149.0	NFATC1	0.0
149.0	FOXP3	0.0
150.0	GGA3	0.0
65.0	RNF31	13073.8318005
151.0	HNRNPH3	0.0
151.0	HNRNPA1	0.0
66.0	NAF1	0.0
152.0	ZNF207	0.0
152.0	BUB3	0.0
34.0	SDC4	13073.8318005
153.0	SGTA	0.0
154.0	ASGR2	0.0
154.0	ASGR1	0.0
155.0	RBCK1	0.0
155.0	SHARPIN	0.0
35.0	RRP1B	0.0
67.0	NFE2L1	0.0
156.0	SPC25	0.0
156.0	SPC24	0.0
4.0	FAF1	0.0
68.0	UBXN7	13331.7166168
36.0	SLC4A1	15507.4913459
35.0	PPP1R9A	0.0
69.0	PUF60	0.0
37.0	GTF3C1	0.0
63.0	DNM1L	0.0
63.0	LRRK2	0.0
157.0	ANK2	0.0
157.0	SLC8A1	0.0
158.0	OAZ1	0.0
158.0	ODC1	0.0
5.0	ACTB	0.0
159.0	CBX1	0.0
160.0	PCGF6	0.0
161.0	C4BPA	0.0
162.0	EIF2AK3	0.0
162.0	EIF2S1	0.0
-1	PTPN2	-1
163.0	NEDD4L	0.0
164.0	LDHB	13103.405012
164.0	LDHA	13103.405012
10.0	EPHA2	0.0
165.0	CNOT1	0.0
165.0	TNRC6C	0.0
166.0	NSMCE3	0.0
166.0	NSMCE1	0.0
167.0	TOR1AIP1	0.0
167.0	TOR1A	0.0
168.0	PEX19	0.0
168.0	PXMP2	0.0
35.0	SH3RF2	0.0
35.0	PPP1CA	0.0
169.0	MMS22L	0.0
170.0	ISG15	0.0
15.0	PARK7	0.0
14.0	UBA52	0.0
-1	ARRDC3	-1
70.0	FAM110A	0.0
71.0	ASXL1	0.0
16.0	PTTG1	13073.8318005
171.0	SRPK2	0.0
171.0	SNRNP70	0.0
11.0	RPL26	0.0
172.0	APITD1	0.0
172.0	STRA13	0.0
147.0	BUB1B	13726.6065041
173.0	UBE4B	0.0
72.0	DCTN4	0.0
174.0	SAP18	0.0
175.0	RAD51	23514.5635723
38.0	CIITA	0.0
176.0	JDP2	0.0
176.0	ATF2	0.0
39.0	EPOR	13162.551435
36.0	CD79B	15507.4913459
5.0	RECQL5	0.0
177.0	ATXN7	0.0
10.0	RAPGEF1	0.0
73.0	UPF1	0.0
37.0	GTF3C5	0.0
178.0	SREBF1	0.0
179.0	CAPN1	0.0
179.0	KNG1	0.0
180.0	LRP6	0.0
180.0	FZD8	0.0
17.0	RANBP1	0.0
181.0	STK26	0.0
181.0	PDCD10	0.0
18.0	NFYB	0.0
19.0	SLMAP	0.0
6.0	TP73	13697.0332926
182.0	TPRKB	0.0
182.0	OSGEP	0.0
183.0	MCM2	39518.3095419
184.0	PPP2R5D	0.0
184.0	SGO1	0.0
185.0	RXFP2	0.0
74.0	ITGA2	13073.8318005
19.0	STRN4	0.0
40.0	SNRPD1	0.0
24.0	PPM1D	0.0
14.0	NUMBL	0.0
186.0	SMC5	0.0
186.0	SMC6	0.0
75.0	LEO1	0.0
25.0	KARS	0.0
18.0	GATA2	0.0
187.0	IL12RB1	0.0
187.0	IL12B	0.0
18.0	SP1	0.0
76.0	KMT5A	13073.8318005
23.0	AGO2	0.0
26.0	GGA2	13103.405012
188.0	SELE	0.0
188.0	SELPLG	0.0
189.0	COPS7B	13073.8318005
189.0	COPS5	13073.8318005
190.0	SOD1	0.0
190.0	RNF19A	0.0
191.0	EEF1G	0.0
77.0	PLSCR1	0.0
41.0	IRAK1	14865.5776288
192.0	HIP1	0.0
27.0	TIMP1	40229.1486431
193.0	SOS1	0.0
193.0	HCK	0.0
42.0	ZPR1	0.0
34.0	ADCY5	13073.8318005
12.0	GNAI2	0.0
194.0	RMI1	0.0
194.0	RMI2	0.0
28.0	SF3A3	0.0
195.0	KCNJ6	0.0
195.0	KCNJ3	0.0
196.0	CPSF6	0.0
197.0	SIX4	0.0
197.0	EYA3	0.0
16.0	ANAPC10	13073.8318005
43.0	RPL24	0.0
37.0	GTF3C4	0.0
37.0	GTF3C2	0.0
198.0	BUB1	0.0
198.0	KNL1	0.0
199.0	PPP2R1B	0.0
199.0	PPP2R5A	0.0
-1	PHC2	-1
200.0	EXOSC5	0.0
200.0	EXOSC4	0.0
201.0	DOT1L	0.0
201.0	MLLT1	0.0
202.0	RASSF4	0.0
78.0	AP2A2	0.0
-1	TOP3A	-1
79.0	RGS16	0.0
27.0	CD44	40229.1486431
203.0	NID1	0.0
203.0	HSPG2	0.0
44.0	THOC3	0.0
161.0	C4B	0.0
204.0	C4A	0.0
204.0	CR1	0.0
205.0	PIK3R1	0.0
205.0	TRAT1	0.0
8.0	UBE2M	0.0
80.0	GALNT1	13073.8318005
206.0	NF2	0.0
206.0	AMOT	0.0
45.0	PPP6R2	0.0
207.0	CAPG	0.0
81.0	PPP3CA	0.0
-1	DAXX	-1
1.0	DCAF8	13073.8318005
46.0	PPARGC1A	13636.8048443
208.0	MAP1B	0.0
208.0	MAP1A	0.0
209.0	BDKRB2	0.0
209.0	NOS3	0.0
82.0	JAM2	0.0
83.0	EME1	0.0
20.0	CXCL9	13073.8318005
6.0	GTF2I	13697.0332926
210.0	TRIM33	13073.8318005
210.0	SMAD2	13073.8318005
169.0	TONSL	0.0
211.0	MADCAM1	0.0
-1	TERF2	-1
84.0	RBSN	0.0
212.0	SPG20	0.0
212.0	ITCH	0.0
192.0	CLTB	0.0
213.0	STAG2	0.0
214.0	GRAP2	0.0
214.0	GAB3	0.0
38.0	SAP30	0.0
215.0	VPS29	0.0
216.0	EIF4B	0.0
217.0	PKNOX1	0.0
217.0	HOXB6	0.0
85.0	SH2D2A	0.0
218.0	PSMG2	0.0
218.0	PSMG1	0.0
219.0	MYRIP	0.0
219.0	MYO7A	0.0
86.0	ARRB2	0.0
5.0	GTF2F2	0.0
2.0	PTK2	0.0
220.0	CARM1	0.0
221.0	PFDN1	0.0
47.0	ARID4A	0.0
48.0	TCEA1	0.0
87.0	CUBN	0.0
77.0	FCGR2A	0.0
49.0	BRIP1	0.0
222.0	ORAI1	0.0
222.0	STIM1	0.0
223.0	MARK2	0.0
223.0	YWHAH	0.0
224.0	WRN	0.0
225.0	BBS1	0.0
226.0	RPS6KB1	0.0
226.0	RPTOR	0.0
227.0	HEXIM2	0.0
228.0	PRKAB2	0.0
228.0	PRKAA2	0.0
2.0	ITK	0.0
229.0	TTI1	0.0
88.0	ST8SIA4	0.0
42.0	LGALS3	0.0
80.0	GALNT2	13073.8318005
80.0	MUC1	13073.8318005
230.0	SHFM1	0.0
231.0	XCL1	0.0
231.0	XCR1	0.0
6.0	RELA	13697.0332926
232.0	PER1	0.0
50.0	CD300LF	0.0
233.0	RAD23B	0.0
233.0	CETN2	0.0
234.0	CHD1L	0.0
-1	MYOD1	-1
51.0	RASSF2	0.0
89.0	GATAD2B	0.0
235.0	CBS	0.0
235.0	HTT	0.0
236.0	KCNJ12	0.0
237.0	DLG2	0.0
237.0	CRIPT	0.0
-1	CBX8	-1
238.0	MMS19	0.0
238.0	CIAO1	0.0
90.0	PFDN6	0.0
239.0	BAG3	0.0
240.0	SNX2	0.0
62.0	PTPN13	0.0
62.0	TRIP6	0.0
241.0	EFTUD2	0.0
88.0	L1CAM	0.0
88.0	NCAM1	0.0
19.0	MOB4	0.0
52.0	MOB1A	0.0
242.0	VCAN	13073.8318005
242.0	PLA2G2A	13073.8318005
243.0	ELN	0.0
243.0	MFAP2	0.0
91.0	RFC2	0.0
24.0	UBB	0.0
92.0	PAXIP1	0.0
244.0	TSG101	0.0
244.0	MGRN1	0.0
245.0	AUP1	0.0
245.0	UBE2G2	0.0
246.0	CYB5A	13073.8318005
246.0	CYB5R3	13073.8318005
-1	MAPK8	-1
13.0	RCHY1	0.0
93.0	SREBF2	13073.8318005
247.0	MAP3K5	13162.551435
247.0	MAP2K4	13162.551435
53.0	NFRKB	0.0
10.0	UBASH3B	0.0
248.0	FGB	0.0
11.0	RPS7	0.0
7.0	CDC6	0.0
249.0	HNF1A	0.0
54.0	MDM4	0.0
250.0	F12	61971.6648995
250.0	CD93	61971.6648995
11.0	RPL23	0.0
87.0	ALB	0.0
87.0	LRP2	0.0
251.0	RAB9A	0.0
251.0	BCL3	0.0
64.0	KLHL12	0.0
94.0	EED	0.0
252.0	INPP5D	0.0
252.0	DOK3	0.0
253.0	PIGR	0.0
253.0	CD79A	0.0
10.0	SPRY1	0.0
5.0	GTF2B	0.0
29.0	RPL12	0.0
254.0	FLT3	0.0
254.0	FLT3LG	0.0
95.0	POLE3	0.0
-1	HNRNPK	-1
-1	UBE2D4	-1
255.0	PIAS1	0.0
12.0	GNGT2	0.0
256.0	GEMIN2	0.0
28.0	SNRPA1	0.0
-1	PPARG	-1
257.0	GCLM	0.0
257.0	GCLC	0.0
55.0	POLR1D	0.0
258.0	NOP56	0.0
258.0	NOP58	0.0
259.0	GLMN	0.0
259.0	FKBP4	0.0
260.0	GHSR	0.0
260.0	GHRL	0.0
261.0	PPIB	0.0
261.0	HSPA5	0.0
262.0	SNTB1	0.0
262.0	DTNA	0.0
263.0	HERPUD1	0.0
5.0	POLR2I	0.0
96.0	KMT2A	0.0
97.0	FLT4	13073.8318005
264.0	ZAP70	0.0
-1	SERPINA3	-1
-1	CELA1	-1
4.0	UBXN1	0.0
265.0	RAPSN	0.0
265.0	MUSK	0.0
266.0	CKS2	13073.8318005
266.0	CCNB1	13073.8318005
177.0	KAT2A	0.0
26.0	CLTA	13103.405012
267.0	CNTN1	0.0
267.0	TNR	0.0
268.0	HYPK	0.0
268.0	NAA15	0.0
98.0	ECI2	0.0
269.0	ELP3	0.0
269.0	ELP2	0.0
270.0	SLC2A1	0.0
271.0	RYR1	0.0
271.0	CACNA1S	0.0
99.0	F5	20888.2349372
272.0	AKT2	0.0
273.0	MTA2	0.0
273.0	MBD2	0.0
100.0	SMURF2	0.0
274.0	STX12	0.0
274.0	EPB42	0.0
91.0	CHTF18	0.0
91.0	RFC3	0.0
101.0	STX1A	0.0
73.0	PABPC1	0.0
73.0	PAN2	0.0
102.0	HLA-G	0.0
103.0	RHAG	0.0
11.0	CSNK1D	0.0
7.0	NPAT	0.0
275.0	NME1	0.0
275.0	NME2	0.0
12.0	GNG11	0.0
1.0	DCAF6	13073.8318005
276.0	C3	0.0
30.0	ZNRF1	0.0
21.0	MED24	0.0
277.0	ATP6V1B1	0.0
277.0	ATP6V0A1	0.0
53.0	TFPT	0.0
104.0	MS4A2	0.0
278.0	ASF1B	0.0
278.0	IPO4	0.0
279.0	MYH9	0.0
279.0	S100A4	0.0
-1	GPS1	-1
280.0	TBL1XR1	0.0
89.0	GATAD2A	0.0
281.0	PLA2R1	0.0
281.0	PLA2G10	0.0
-1	RPS23	-1
282.0	GRIK4	0.0
282.0	GRIK2	0.0
283.0	SUMO3	0.0
283.0	UBA2	0.0
284.0	ZNF350	0.0
284.0	TRIM28	0.0
285.0	MED9	0.0
285.0	MED28	0.0
286.0	FANCC	0.0
286.0	ZBTB32	0.0
5.0	CTCF	0.0
287.0	USP1	0.0
287.0	WDR48	0.0
1.0	DCAF5	13073.8318005
288.0	CSTB	0.0
14.0	RCN2	0.0
105.0	POLR3G	0.0
2.0	TUBA3C	0.0
95.0	POLE	0.0
95.0	POLE2	0.0
289.0	GJC1	0.0
290.0	MET	0.0
291.0	POMP	0.0
291.0	PSMB9	0.0
-1	COPZ1	-1
292.0	PLG	0.0
292.0	PLAU	0.0
106.0	MED29	0.0
13.0	RNF111	0.0
22.0	ING2	0.0
293.0	ETV1	14705.7685595
-1	SPOP	-1
8.0	CDC25A	0.0
294.0	ACKR2	23345.3026524
294.0	CCL2	23345.3026524
178.0	MED15	0.0
295.0	ACPP	13073.8318005
295.0	ERBB2	13073.8318005
107.0	NCF2	0.0
-1	WDR5	-1
296.0	TRADD	0.0
56.0	MRE11A	39221.4954016
108.0	MYL12A	0.0
297.0	GTF2A2	0.0
297.0	GTF2A1L	0.0
65.0	MALT1	13073.8318005
65.0	IKBKG	13073.8318005
298.0	UBA3	0.0
74.0	ITGA1	13073.8318005
74.0	COL8A1	13073.8318005
3.0	IKZF1	0.0
109.0	ATR	0.0
299.0	PRIM1	0.0
300.0	EDA	0.0
300.0	EDA2R	0.0
301.0	THBS1	21789.7196675
301.0	DCN	21789.7196675
-1	RNF168	-1
302.0	FOXK1	0.0
302.0	BAP1	0.0
303.0	STX7	0.0
303.0	VAMP7	0.0
304.0	RPAP3	0.0
304.0	PIH1D1	0.0
305.0	WAS	0.0
305.0	FNBP1	0.0
110.0	CSE1L	13073.8318005
15.0	TOPORS	0.0
9.0	SOCS2	0.0
-1	XRCC6	-1
20.0	CCL11	13073.8318005
111.0	ERBIN	0.0
306.0	CASP9	0.0
-1	POLR2B	-1
112.0	IL7R	0.0
13.0	CHFR	0.0
2.0	GRIN2B	0.0
113.0	RPA2	13073.8318005
114.0	GABARAPL2	0.0
307.0	MSN	0.0
46.0	THRA	13636.8048443
308.0	SGK1	0.0
308.0	SLC9A3R2	0.0
115.0	MPRIP	0.0
39.0	VIL1	13162.551435
309.0	TNFRSF1B	0.0
150.0	ARF6	0.0
310.0	UBE2W	0.0
3.0	PEX14	0.0
311.0	CASP6	13073.8318005
311.0	LMNB1	13073.8318005
86.0	AP2M1	0.0
116.0	TRAF3	0.0
117.0	LAS1L	0.0
312.0	DOC2B	0.0
312.0	UNC13B	0.0
313.0	ITGA5	13488.9387868
313.0	ITGB3	13488.9387868
314.0	MAPK10	0.0
314.0	ARRB1	0.0
315.0	CABP2	0.0
57.0	EIF2B1	0.0
256.0	GEMIN6	0.0
58.0	IFNGR1	0.0
86.0	AP1B1	0.0
25.0	DARS	0.0
3.0	HMG20B	0.0
1.0	DCAF11	13073.8318005
31.0	KDM4A	0.0
98.0	PEX5	0.0
98.0	CRAT	0.0
316.0	GRK1	0.0
316.0	RHO	0.0
317.0	EXOC4	0.0
317.0	EXOC3	0.0
318.0	PSEN2	0.0
319.0	GCG	0.0
319.0	GLP1R	0.0
320.0	AKAP12	29282.562429
320.0	ADRB2	29282.562429
321.0	F9	0.0
322.0	GDF9	0.0
322.0	BMPR1A	0.0
118.0	PLRG1	0.0
323.0	TAL1	0.0
324.0	APOC2	0.0
324.0	LPL	0.0
2.0	NPHS1	0.0
102.0	CD8A	0.0
102.0	CD8B	0.0
325.0	C2	13073.8318005
325.0	C5	13073.8318005
326.0	COPS4	0.0
306.0	VIM	0.0
327.0	UCN	0.0
327.0	CRHR2	0.0
16.0	CDC26	13073.8318005
59.0	ARHGAP21	0.0
328.0	CCNE1	14437.4456053
329.0	RPLP2	0.0
119.0	KLRC2	0.0
321.0	F8	0.0
330.0	TERF2IP	0.0
116.0	TNFSF4	0.0
116.0	TNFRSF4	0.0
331.0	POLR1B	0.0
331.0	POLR1E	0.0
120.0	CTSD	0.0
92.0	RBBP5	0.0
92.0	NCOA6	0.0
332.0	SNRPB	0.0
332.0	SNRPE	0.0
333.0	BIRC7	0.0
333.0	DIABLO	0.0
334.0	CD209	0.0
334.0	ICAM3	0.0
335.0	CD244	0.0
335.0	CD48	0.0
121.0	TGFBRAP1	0.0
85.0	FCGR3A	0.0
-1	POLR1A	-1
-1	POLR2E	-1
49.0	MSH2	0.0
-1	UHRF1	-1
96.0	CDX2	0.0
66.0	DKC1	0.0
66.0	NHP2	0.0
336.0	CDK5R1	0.0
336.0	CDK5RAP3	0.0
4.0	NPLOC4	0.0
337.0	CBLC	0.0
122.0	GNG7	0.0
338.0	MID2	0.0
338.0	IGBP1	0.0
-1	MYBL2	-1
339.0	NFKB2	0.0
11.0	GNL3	0.0
-1	PSMD3	-1
340.0	RNF20	0.0
340.0	RNF40	0.0
341.0	TRDN	0.0
341.0	CASQ2	0.0
342.0	XK	0.0
342.0	KEL	0.0
170.0	IRF3	0.0
343.0	FBXW7	0.0
4.0	UBXN4	0.0
123.0	BMP8B	0.0
54.0	PNN	0.0
1.0	DCAF1	13073.8318005
344.0	PRKD1	0.0
84.0	RAB5A	0.0
84.0	RAB7A	0.0
-1	CBX5	-1
255.0	DNMT3A	0.0
115.0	KRT18	0.0
-1	TAF4	-1
-1	ARPC5	-1
345.0	ATG3	0.0
345.0	MAP1LC3A	0.0
346.0	AP1G1	0.0
49.0	MLH1	0.0
49.0	MSH6	0.0
347.0	IL1B	0.0
347.0	A2M	0.0
348.0	PRPH2	0.0
348.0	ROM1	0.0
349.0	IGFBP3	26405.5484173
349.0	KLK3	26405.5484173
-1	DDX58	-1
25.0	AIMP1	0.0
-1	COPA	-1
350.0	NPR2	0.0
350.0	NPPC	0.0
351.0	PRLH	0.0
351.0	PRLHR	0.0
22.0	KLF16	0.0
83.0	ERCC1	0.0
83.0	SLX4	0.0
352.0	TRAK1	0.0
352.0	RHOT1	0.0
15.0	JUN	0.0
124.0	CDH3	0.0
7.0	CCND2	0.0
353.0	TERT	0.0
44.0	THOC5	0.0
-1	NEDD4	-1
22.0	KLF11	0.0
264.0	CBLB	0.0
2.0	VAV1	0.0
14.0	MAP3K3	0.0
211.0	ITGA4	0.0
191.0	SUMO2	0.0
45.0	PPP6R1	0.0
31.0	PRMT5	0.0
354.0	TAF12	0.0
354.0	TAF11	0.0
355.0	USP7	0.0
356.0	HLTF	0.0
356.0	RAD18	0.0
104.0	RASA1	0.0
357.0	SNTA1	0.0
357.0	ABCA1	0.0
358.0	FLNA	0.0
358.0	DRD1	0.0
359.0	LNX2	0.0
359.0	NUMB	0.0
112.0	CD40	0.0
112.0	JAK3	0.0
360.0	CST3	0.0
360.0	CTSS	0.0
2.0	GRIN2A	0.0
-1	CD19	-1
-1	CST7	-1
288.0	CTSB	0.0
361.0	SMC2	13073.8318005
272.0	HSP90AB1	0.0
-1	CCT2	-1
17.0	RANBP2	0.0
362.0	IL15RA	0.0
362.0	IL2RG	0.0
-1	CD81	-1
71.0	TRIM24	0.0
59.0	CYTH1	0.0
346.0	AP1M1	0.0
363.0	CHRNA3	0.0
363.0	CHRNB4	0.0
364.0	RGS19	0.0
364.0	GNAI1	0.0
-1	PSMD1	-1
365.0	CREB1	0.0
365.0	ATF1	0.0
17.0	PTHLH	0.0
32.0	CDC42EP5	0.0
60.0	LSM3	0.0
42.0	PRDX1	0.0
366.0	TICAM1	0.0
366.0	TRAF1	0.0
97.0	NRP1	13073.8318005
367.0	NUDC	0.0
367.0	PAFAH1B1	0.0
125.0	HNRNPA2B1	0.0
-1	NPM1	-1
368.0	TMED9	0.0
368.0	TMED10	0.0
7.0	CDT1	0.0
96.0	CREBBP	0.0
369.0	CDCA8	0.0
2.0	DLG4	0.0
370.0	ITGB2	0.0
370.0	TLN1	0.0
371.0	ZWINT	0.0
371.0	BECN1	0.0
372.0	CDC73	0.0
373.0	PLK1	13162.551435
373.0	BORA	13162.551435
374.0	PLXNB1	0.0
374.0	RND3	0.0
375.0	NCKAP1	0.0
-1	MAPK8IP1	-1
-1	CBX2	-1
376.0	FGA	0.0
376.0	PLAT	0.0
76.0	KIAA0101	13073.8318005
-1	RPS15	-1
126.0	TIPRL	0.0
93.0	NTRK3	13073.8318005
315.0	CAMK2G	0.0
377.0	CTSL	0.0
377.0	SERPINB13	0.0
378.0	VDAC1	13073.8318005
378.0	CKMT1A	13073.8318005
379.0	MEF2C	0.0
379.0	HDAC7	0.0
380.0	PRPF3	0.0
380.0	SART3	0.0
122.0	GNG12	0.0
381.0	NPPB	0.0
381.0	NPR3	0.0
105.0	POLR3F	0.0
105.0	POLR3C	0.0
32.0	ARHGAP32	0.0
-1	TRAF2	-1
-1	TNF	-1
-1	RPS11	-1
382.0	BRCA2	52295.3272021
-1	EIF3K	-1
383.0	ARAF	0.0
-1	MAP3K11	-1
58.0	STAT5B	0.0
28.0	SF3B1	0.0
384.0	FN1	0.0
384.0	COL2A1	0.0
43.0	RPL35	0.0
385.0	VAMP2	0.0
385.0	NAPA	0.0
-1	MLLT3	-1
-1	PCGF2	-1
-1	CTTN	-1
289.0	TJP1	0.0
-1	TP53BP1	-1
386.0	ACTN4	0.0
386.0	ACTN2	0.0
387.0	PNO1	0.0
387.0	BYSL	0.0
127.0	CCT7	0.0
388.0	RIPK3	0.0
388.0	FADD	0.0
389.0	PIK3R2	0.0
128.0	UIMC1	0.0
390.0	PSMD10	0.0
7.0	CCNK	0.0
2.0	SKAP2	0.0
391.0	USP9X	0.0
392.0	MAP3K2	0.0
392.0	PKN2	0.0
125.0	PRKCZ	0.0
56.0	TOPBP1	39221.4954016
129.0	SFN	0.0
393.0	SFPQ	0.0
394.0	SEL1L	0.0
394.0	OS9	0.0
395.0	MYBBP1A	0.0
395.0	AR	0.0
396.0	PLD1	0.0
396.0	RALA	0.0
382.0	KAT2B	52295.3272021
397.0	DNAJA1	0.0
397.0	PARK2	0.0
215.0	VPS26A	0.0
240.0	VPS35	0.0
398.0	ABCC9	0.0
398.0	KCNJ8	0.0
399.0	ARID1A	0.0
97.0	KDR	13073.8318005
400.0	CUL4A	0.0
400.0	FBXW5	0.0
18.0	MEF2D	0.0
401.0	EZH1	0.0
401.0	SUZ12	0.0
9.0	SPSB2	0.0
10.0	ITSN1	0.0
51.0	RASSF5	0.0
402.0	BMP6	13103.405012
402.0	BMPR1B	13103.405012
-1	PGR	-1
403.0	PINK1	0.0
403.0	TOMM20	0.0
126.0	PPP4C	0.0
126.0	PPP4R3A	0.0
221.0	PFDN5	0.0
-1	ARPC3	-1
404.0	KIF5A	0.0
404.0	KLC1	0.0
-1	SNCA	-1
405.0	ILF3	0.0
405.0	PRKDC	0.0
52.0	HTRA2	0.0
406.0	SLC7A11	0.0
406.0	SLC3A2	0.0
110.0	RAG1	13073.8318005
110.0	KPNA2	13073.8318005
53.0	INO80E	0.0
407.0	TRIM6	0.0
-1	BTK	-1
408.0	BRINP1	0.0
408.0	SIRT1	0.0
40.0	SNRPD2	0.0
130.0	AXIN2	0.0
409.0	SREK1	0.0
409.0	SRSF2	0.0
410.0	AIMP2	0.0
-1	GOSR1	-1
146.0	HNRNPD	0.0
153.0	HSPA8	0.0
411.0	MED31	0.0
411.0	MED18	0.0
412.0	SNX33	0.0
412.0	SNX9	0.0
413.0	TCEANC	0.0
413.0	ZKSCAN7	0.0
94.0	CHAF1A	0.0
414.0	USP22	0.0
-1	PSMC2	-1
-1	ING3	-1
44.0	ALYREF	0.0
415.0	STX3	0.0
415.0	VAMP3	0.0
416.0	RPS17	0.0
416.0	RPS25	0.0
-1	MARK3	-1
417.0	SMAD4	13073.8318005
417.0	PIAS4	13073.8318005
418.0	HMGA1	0.0
418.0	NFKB1	0.0
131.0	PRKCG	0.0
12.0	GNG3	0.0
419.0	STAG1	0.0
419.0	SMC1A	0.0
-1	RPS5	-1
123.0	NOG	0.0
123.0	BMP4	0.0
420.0	WASL	0.0
420.0	PFN1	0.0
421.0	RLN3	0.0
-1	ALK	-1
422.0	F10	13073.8318005
423.0	CS	0.0
423.0	MDH2	0.0
20.0	CXCL11	13073.8318005
-1	MYB	-1
108.0	IKBKB	0.0
108.0	IKBKE	0.0
424.0	TGFB1I1	0.0
424.0	CRKL	0.0
425.0	MEF2A	0.0
425.0	TEAD1	0.0
32.0	CDC42BPA	0.0
422.0	PROS1	13073.8318005
353.0	XRCC5	0.0
15.0	SATB1	0.0
132.0	TAF3	0.0
-1	BMI1	-1
2.0	MAPT	0.0
2.0	FYN	0.0
-1	PSMB10	-1
22.0	BCL6	0.0
426.0	PAAF1	0.0
427.0	PICK1	0.0
427.0	EPHB2	0.0
428.0	SHANK2	0.0
428.0	SSTR2	0.0
429.0	GPAA1	0.0
429.0	PIGT	0.0
133.0	LBR	0.0
39.0	IRS2	13162.551435
52.0	LATS1	0.0
52.0	MOB1B	0.0
232.0	PER2	0.0
4.0	FAF2	0.0
-1	FOS	-1
101.0	STX2	0.0
101.0	STXBP2	0.0
430.0	ITGB1	0.0
430.0	ITGB1BP2	0.0
27.0	CXCL8	40229.1486431
310.0	RNF4	0.0
-1	TCP1	-1
431.0	AURKA	0.0
431.0	INCENP	0.0
432.0	FER	0.0
134.0	PMAIP1	0.0
48.0	TAF6	0.0
433.0	PLEC	0.0
433.0	SPTAN1	0.0
434.0	CDKN1B	0.0
434.0	CKS1B	0.0
-1	APAF1	-1
435.0	EIF2B2	0.0
-1	STX5	-1
436.0	GOSR2	0.0
-1	MORF4L1	-1
-1	TAF9	-1
-1	TAF13	-1
437.0	LIMK1	0.0
437.0	ROCK1	0.0
438.0	SNRNP200	0.0
-1	MCM3	-1
-1	STAT1	-1
323.0	TCF4	0.0
12.0	GNG10	0.0
439.0	PSTPIP1	0.0
439.0	FASLG	0.0
1.0	TRPC4AP	13073.8318005
234.0	PARP1	0.0
23.0	AGO4	0.0
23.0	TNRC6A	0.0
61.0	PTGIR	0.0
43.0	RPL19	0.0
43.0	RPL23A	0.0
440.0	POLI	0.0
440.0	POLH	0.0
18.0	SOX9	0.0
-1	LIN54	-1
441.0	CASK	0.0
441.0	KCNJ4	0.0
-1	NRIP1	-1
85.0	LCK	0.0
13.0	TRIM17	0.0
29.0	RPS9	0.0
442.0	CAPZB	0.0
442.0	CAPZA1	0.0
-1	ASAP2	-1
390.0	PSMD14	0.0
-1	PSMD4	-1
15.0	SUMO1	0.0
15.0	SART1	0.0
361.0	NCAPG	13073.8318005
50.0	PTPRC	0.0
135.0	ASB1	0.0
3.0	SUDS3	0.0
21.0	MED17	0.0
-1	RBL2	-1
443.0	ATG16L1	0.0
443.0	ATG12	0.0
159.0	HIST3H3	0.0
-1	MED26	-1
136.0	SEH1L	0.0
444.0	MARCKS	0.0
131.0	AXIN1	0.0
445.0	GC	13390.8630398
445.0	ACTC1	13390.8630398
435.0	EIF2B3	0.0
55.0	POLR3B	0.0
44.0	THOC1	0.0
25.0	IARS	0.0
175.0	PALB2	23514.5635723
53.0	UCHL5	0.0
137.0	AP3S1	0.0
446.0	TRAF5	0.0
446.0	TNFRSF8	0.0
447.0	EIF3M	0.0
-1	ERBB3	-1
-1	RPS20	-1
119.0	CALR	0.0
119.0	HLA-E	0.0
30.0	TRIM32	0.0
-1	ACTR2	-1
109.0	ATRIP	0.0
109.0	RPA1	0.0
-1	NCAPD2	-1
26.0	OCRL	13103.405012
69.0	BAG1	0.0
448.0	SMAD1	0.0
448.0	WWP1	0.0
16.0	CDH1	13073.8318005
-1	TCF3	-1
11.0	NCL	0.0
375.0	NCK1	0.0
24.0	SSRP1	0.0
399.0	SMARCA2	0.0
64.0	CUL3	0.0
296.0	CASP8	0.0
241.0	PRPF8	0.0
5.0	ERCC6	0.0
27.0	PZP	40229.1486431
27.0	MMP9	40229.1486431
55.0	POLR3A	0.0
213.0	SMC3	0.0
-1	PML	-1
106.0	MED10	0.0
106.0	CCNC	0.0
-1	CDK7	-1
60.0	LSM6	0.0
449.0	CAMK4	0.0
449.0	CAMKK2	0.0
31.0	SETD7	0.0
122.0	GNB2	0.0
12.0	GNG5	0.0
299.0	POLA1	0.0
76.0	PCNA	13073.8318005
450.0	GABARAP	0.0
451.0	DHH	0.0
451.0	HHIP	0.0
60.0	LSM2	0.0
60.0	LSM4	0.0
452.0	FAAP24	0.0
452.0	FANCM	0.0
-1	RPS14	-1
372.0	WDR61	0.0
220.0	NCOA2	0.0
453.0	WASF2	0.0
453.0	ACTR3	0.0
138.0	PEF1	0.0
-1	TRIM25	-1
454.0	SCRIB	0.0
454.0	ARHGEF7	0.0
326.0	COPS7A	0.0
438.0	PRPF6	0.0
33.0	DLL4	0.0
1.0	DTL	13073.8318005
174.0	ACIN1	0.0
-1	RNF8	-1
9.0	ASB8	0.0
-1	COPB2	-1
-1	COPG2	-1
9.0	SPSB1	0.0
20.0	CXCL12	13073.8318005
6.0	TUBA4A	13697.0332926
136.0	SEC13	0.0
136.0	NUP107	0.0
8.0	FBXO31	0.0
455.0	CTBP2	0.0
455.0	HIC1	0.0
456.0	YWHAB	0.0
456.0	RIN1	0.0
355.0	RNF2	0.0
68.0	LRR1	13331.7166168
115.0	YWHAQ	0.0
139.0	IL20RB	0.0
-1	DNMT1	-1
-1	PSMA1	-1
457.0	STK11	0.0
457.0	CDC37	0.0
-1	PSMC6	-1
344.0	HDAC5	0.0
-1	MED16	-1
51.0	RASSF6	0.0
458.0	PDCD6IP	0.0
458.0	VPS4B	0.0
79.0	GNAO1	0.0
79.0	ADRA2A	0.0
100.0	UBA1	0.0
100.0	UBE2L3	0.0
459.0	RAMP2	0.0
459.0	CALCRL	0.0
460.0	CCNA1	0.0
460.0	HIST1H1A	0.0
103.0	SIRPA	0.0
103.0	CD47	0.0
21.0	MED23	0.0
461.0	NRAS	0.0
461.0	SHOC2	0.0
-1	DCTN1	-1
4.0	VCPIP1	0.0
462.0	CD2AP	0.0
462.0	MVB12A	0.0
70.0	MCC	0.0
70.0	CSNK1E	0.0
463.0	RUVBL2	0.0
463.0	ACTR8	0.0
-1	SNAI1	-1
432.0	STAT3	0.0
130.0	GSK3B	0.0
130.0	AKAP11	0.0
464.0	NMU	0.0
464.0	NMUR2	0.0
465.0	HAND2	0.0
465.0	HAND1	0.0
466.0	CD247	0.0
466.0	CD3E	0.0
467.0	TEC	0.0
467.0	DOK1	0.0
6.0	PIAS2	13697.0332926
59.0	ARF1	0.0
59.0	PIP5K1A	0.0
40.0	CLNS1A	0.0
40.0	SNRPD3	0.0
4.0	ANKZF1	0.0
68.0	CUL2	13331.7166168
41.0	IL1A	14865.5776288
468.0	RFX1	0.0
468.0	RFX2	0.0
469.0	FANCA	0.0
469.0	FAAP100	0.0
1.0	WDTC1	13073.8318005
4.0	ASPSCR1	0.0
470.0	CFI	0.0
470.0	CFH	0.0
471.0	SLC22A1	0.0
471.0	POU2AF1	0.0
472.0	CREM	0.0
472.0	FHL5	0.0
-1	STUB1	-1
473.0	RAN	0.0
473.0	NXF1	0.0
19.0	STRN	0.0
121.0	TGFBR1	0.0
121.0	SMURF1	0.0
474.0	MBP	0.0
9.0	TCEB3	0.0
475.0	NUP62	0.0
475.0	NUTF2	0.0
46.0	NCOA1	13636.8048443
46.0	STAT6	13636.8048443
7.0	FZR1	0.0
-1	CENPA	-1
369.0	AURKB	0.0
476.0	DDX3X	0.0
476.0	EIF4E	0.0
38.0	ZMYM2	0.0
477.0	STXBP3	0.0
477.0	STX4	0.0
140.0	ERCC2	0.0
330.0	RAD50	0.0
124.0	CDH2	0.0
-1	BTRC	-1
478.0	CSF2	0.0
478.0	CSF3R	0.0
479.0	PDS5B	0.0
479.0	RAD21	0.0
343.0	RBX1	0.0
8.0	FBXW8	0.0
-1	TUBA1A	-1
36.0	SYK	15507.4913459
36.0	PLCG2	15507.4913459
-1	NGFR	-1
-1	RIPK2	-1
-1	ASH2L	-1
-1	HCFC1	-1
16.0	CDC27	13073.8318005
16.0	FBXO5	13073.8318005
9.0	SPSB4	0.0
137.0	AP3D1	0.0
137.0	AP3B1	0.0
21.0	MED13	0.0
-1	ASB2	-1
-1	PSMA6	-1
480.0	FAS	0.0
480.0	CASP10	0.0
481.0	HRAS	13390.8630398
481.0	PDE6D	13390.8630398
1.0	DCAF4	13073.8318005
216.0	CASP3	0.0
482.0	ABL1	0.0
482.0	MAP4K1	0.0
-1	E2F2	-1
-1	CDK3	-1
13.0	RNF25	0.0
337.0	SRC	0.0
483.0	TAF1	14261.0883617
483.0	HMGB1	14261.0883617
484.0	BCAR1	0.0
484.0	PTPRF	0.0
50.0	IFNAR1	0.0
447.0	EIF3H	0.0
-1	EIF3D	-1
485.0	YY1	13073.8318005
485.0	INO80	13073.8318005
486.0	MED12	0.0
486.0	MED4	0.0
444.0	PRKCB	0.0
131.0	GSK3A	0.0
17.0	NUP98	0.0
474.0	MAPK13	0.0
-1	MAPK8IP2	-1
61.0	FFAR1	0.0
407.0	TRIM5	0.0
-1	SMARCC1	-1
-1	COPS6	-1
-1	COPS2	-1
-1	RPS2	-1
-1	MED21	-1
-1	MED6	-1
47.0	MAPK14	0.0
328.0	E2F1	14437.4456053
487.0	RLIM	0.0
488.0	MZB1	0.0
488.0	CASP2	0.0
7.0	CDC25B	0.0
-1	CBX4	-1
-1	PHC1	-1
129.0	ZBTB16	0.0
8.0	DCUN1D1	0.0
120.0	LRP1	0.0
120.0	APP	0.0
41.0	MYD88	14865.5776288
41.0	IL1R1	14865.5776288
81.0	EGLN1	0.0
81.0	FKBP8	0.0
489.0	VWF	0.0
489.0	GP1BA	0.0
307.0	ICAM1	0.0
276.0	ITGAM	0.0
7.0	H1F0	0.0
490.0	POLA2	0.0
490.0	PRIM2	0.0
491.0	DRP2	0.0
491.0	UTRN	0.0
34.0	PRKCA	13073.8318005
34.0	DGKZ	13073.8318005
492.0	GIP	0.0
492.0	GIPR	0.0
493.0	COPZ2	0.0
494.0	VIPR1	0.0
494.0	VIP	0.0
495.0	MAP3K1	0.0
495.0	CHUK	0.0
-1	PIN1	-1
163.0	SMAD3	0.0
141.0	SNTG1	13073.8318005
69.0	SIAH1	0.0
8.0	FBXO11	0.0
4.0	VCP	0.0
263.0	AMFR	0.0
20.0	DPP4	13073.8318005
20.0	CXCL10	13073.8318005
29.0	RPL11	0.0
-1	CCT6A	-1
12.0	GNB1	0.0
496.0	TRAPPC3	0.0
496.0	TRAPPC8	0.0
58.0	JAK2	0.0
58.0	BCR	0.0
67.0	TSC22D4	0.0
497.0	LLGL2	0.0
497.0	PARD6A	0.0
-1	PCGF1	-1
160.0	RING1	0.0
185.0	RLN2	0.0
421.0	RXFP1	0.0
128.0	FAM175A	0.0
128.0	BRCC3	0.0
94.0	RBBP4	0.0
-1	PSMB1	-1
113.0	USP16	13073.8318005
113.0	CDK1	13073.8318005
-1	COPS3	-1
-1	CDKN1A	-1
498.0	PTPN11	0.0
498.0	PXN	0.0
499.0	COL5A1	0.0
499.0	COL5A3	0.0
28.0	SF3B2	0.0
28.0	SF3A2	0.0
500.0	SEPT2	0.0
500.0	SEPT7	0.0
501.0	PDHA1	0.0
501.0	PDK1	0.0
-1	RNF7	-1
-1	INSR	-1
502.0	TNFSF10	15130.6545068
502.0	TNFRSF11B	15130.6545068
-1	PSMA5	-1
503.0	THOC2	0.0
503.0	DDX39B	0.0
504.0	DMAP1	0.0
504.0	SRCAP	0.0
47.0	CCND3	0.0
47.0	RB1	0.0
-1	PSMB8	-1
-1	PSMA2	-1
-1	CCND1	-1
280.0	HDAC3	0.0
-1	RPS26	-1
-1	RPS12	-1
75.0	PAF1	0.0
-1	KAT5	-1
6.0	ACTL6A	13697.0332926
505.0	RAD51C	13073.8318005
505.0	XRCC2	13073.8318005
506.0	RAD23A	0.0
506.0	XPC	0.0
487.0	UBE2D1	0.0
3.0	CHD3	0.0
-1	RPS29	-1
507.0	CDC20	13073.8318005
132.0	TAF8	0.0
132.0	TAF10	0.0
493.0	COPG1	0.0
508.0	POLR2J	0.0
508.0	POLR2G	0.0
-1	PSMB5	-1
509.0	BANF1	0.0
509.0	TMPO	0.0
-1	KDM1A	-1
89.0	MBD3	0.0
-1	UBE2E2	-1
-1	MID1	-1
510.0	FANCG	0.0
510.0	XRCC3	0.0
139.0	IL20RA	0.0
139.0	IL20	0.0
511.0	BCL2L11	0.0
511.0	BAX	0.0
512.0	GUCY2C	0.0
512.0	GUCA2A	0.0
513.0	FGG	0.0
513.0	F13A1	0.0
22.0	SIN3A	0.0
22.0	IKZF3	0.0
30.0	OTUB1	0.0
71.0	RARA	0.0
514.0	ORC4	0.0
514.0	ORC1	0.0
173.0	UBE2D3	0.0
-1	BIRC3	-1
515.0	AP1M2	0.0
515.0	TGOLN2	0.0
72.0	ACTR1A	0.0
72.0	DCTN2	0.0
516.0	CCNT1	0.0
516.0	SUPT5H	0.0
517.0	SMN1	0.0
517.0	SNRPB2	0.0
114.0	ATG13	0.0
114.0	ULK1	0.0
17.0	KPNB1	0.0
17.0	KPNA6	0.0
-1	E2F3	-1
-1	TFDP2	-1
-1	TSLP	-1
-1	STAT5A	-1
518.0	MED25	0.0
518.0	MED1	0.0
82.0	F2RL2	0.0
82.0	JAM3	0.0
-1	RPLP0	-1
329.0	RPLP1	0.0
-1	COPE	-1
-1	COPB1	-1
9.0	FEM1B	0.0
9.0	TCEB1	0.0
111.0	NOD2	0.0
111.0	MAP3K7	0.0
3.0	NR0B2	0.0
57.0	EIF2B5	0.0
519.0	WASF1	0.0
519.0	CYFIP2	0.0
32.0	PRKCI	0.0
32.0	CDC42	0.0
56.0	BRCA1	39221.4954016
56.0	MRPL36	39221.4954016
249.0	CTNNB1	0.0
339.0	FBXW11	0.0
19.0	STRN3	0.0
19.0	STK24	0.0
6.0	SKP2	13697.0332926
520.0	PCSK2	0.0
520.0	SCG5	0.0
521.0	SMARCE1	0.0
521.0	SMARCC2	0.0
1.0	DCAF12	13073.8318005
1.0	DDB1	13073.8318005
522.0	G3BP1	0.0
522.0	EIF4G1	0.0
-1	IRS1	-1
389.0	PIK3CA	0.0
45.0	PPP6C	0.0
45.0	PPP6R3	0.0
507.0	ANAPC2	13073.8318005
-1	MAD2L1	-1
-1	SMARCD1	-1
-1	SMARCB1	-1
117.0	SENP3	0.0
117.0	PELP1	0.0
141.0	PGM5	13073.8318005
141.0	DMD	13073.8318005
42.0	EGFR	0.0
239.0	HSPA4	0.0
-1	COL1A2	-1
78.0	AMPH	0.0
78.0	SH3GL2	0.0
99.0	PROC	20888.2349372
99.0	THBD	20888.2349372
7.0	CDK2	0.0
183.0	MCM4	39518.3095419
-1	F2	-1
248.0	SERPINA5	0.0
523.0	SIN3B	0.0
523.0	MAD1L1	0.0
-1	PSMA4	-1
-1	PSMB6	-1
-1	ARPC2	-1
-1	ARPC5L	-1
21.0	CDK8	0.0
21.0	MED14	0.0
524.0	WWOX	0.0
524.0	ERBB4	0.0
10.0	MST1R	0.0
10.0	CBL	0.0
124.0	CTNNA1	0.0
-1	APC	-1
525.0	GRIA2	0.0
525.0	GRIP1	0.0
270.0	UBE2I	0.0
129.0	HDAC4	0.0
14.0	TRAF6	0.0
-1	PSMB4	-1
90.0	PFDN4	0.0
90.0	VBP1	0.0
526.0	DCAF7	0.0
526.0	DYRK1A	0.0
527.0	MTOR	0.0
527.0	DEPTOR	0.0
528.0	E2F4	0.0
528.0	LIN9	0.0
-1	SF3B3	-1
393.0	TCERG1	0.0
33.0	MFNG	0.0
-1	PSMD13	-1
529.0	MAGED1	0.0
529.0	MSX2	0.0
93.0	MAPK1	13073.8318005
77.0	SHC1	0.0
-1	PRKCD	-1
24.0	SUPT16H	0.0
24.0	H2AFX	0.0
29.0	RPS3	0.0
29.0	RPS16	0.0
11.0	MDM2	0.0
309.0	CSNK1A1	0.0
3.0	MXD1	0.0
530.0	LAT	0.0
31.0	HIST1H3A	0.0
31.0	HAT1	0.0
-1	XIAP	-1
225.0	BBS9	0.0
450.0	SQSTM1	0.0
67.0	KEAP1	0.0
140.0	GTF2H3	0.0
140.0	MNAT1	0.0
3.0	DDX5	0.0
134.0	BCL2L1	0.0
134.0	SIVA1	0.0
51.0	STK3	0.0
202.0	STK4	0.0
-1	TAF5	-1
-1	TAF7	-1
48.0	TBP	0.0
48.0	ZNF76	0.0
-1	EIF3C	-1
57.0	EIF2B4	0.0
57.0	EIF2S2	0.0
135.0	CUL5	0.0
135.0	TCEB2	0.0
-1	PSMC1	-1
531.0	CNN1	0.0
531.0	ACTA1	0.0
207.0	NCAPH	0.0
-1	SMC4	-1
236.0	APBA1	0.0
318.0	PSEN1	0.0
532.0	PPBP	0.0
532.0	CTSG	0.0
533.0	KDM2B	0.0
533.0	SKP1	0.0
-1	EIF3F	-1
-1	EIF3L	-1
196.0	CSTF2	0.0
-1	BARD1	-1
-1	EIF3E	-1
-1	EIF3B	-1
13.0	UBE2D2	0.0
13.0	RNF115	0.0
-1	RIPK1	-1
-1	BIRC2	-1
118.0	CDC5L	0.0
118.0	PRPF19	0.0
534.0	HDAC6	0.0
534.0	TUBB	0.0
535.0	OSM	0.0
535.0	OSMR	0.0
-1	PSMD8	-1
5.0	POLR2A	0.0
5.0	GTF2H1	0.0
8.0	FBXO7	0.0
8.0	CUL1	0.0
536.0	RBBP7	13073.8318005
536.0	MTA1	13073.8318005
537.0	XRCC4	0.0
537.0	APLF	0.0
227.0	CDK9	0.0
-1	AFF4	-1
33.0	LFNG	0.0
26.0	CLTC	13103.405012
26.0	TOM1L1	13103.405012
224.0	ATM	0.0
229.0	TELO2	0.0
298.0	NEDD8	0.0
125.0	VHL	0.0
293.0	RPS6KA1	14705.7685595
-1	NFKBIA	-1
-1	PSMB3	-1
-1	PSMA3	-1
538.0	VAV2	0.0
538.0	RHOG	0.0
-1	PSMD7	-1
-1	PSMD12	-1
54.0	YWHAG	0.0
54.0	CCNY	0.0
138.0	ALG2	0.0
138.0	ANXA11	0.0
3.0	HDAC1	0.0
18.0	EP300	0.0
383.0	YWHAE	0.0
-1	CDC25C	-1
33.0	NOTCH1	0.0
33.0	DTX1	0.0
61.0	PLCB1	0.0
61.0	GNAQ	0.0
30.0	UBE2N	0.0
30.0	RNF103	0.0
-1	PSMB2	-1
-1	PSMA7	-1
539.0	TNFRSF13B	0.0
539.0	CAMLG	0.0
-1	EP400	-1
-1	RUVBL1	-1
-1	NCOR2	-1
-1	NCOR1	-1
540.0	CCR1	0.0
540.0	CCL1	0.0
426.0	PSMC5	0.0
-1	PSMD11	-1
541.0	EPHB4	0.0
541.0	EFNB2	0.0
542.0	OPTN	0.0
542.0	TBK1	0.0
530.0	LCP2	0.0
50.0	PTPN6	0.0
290.0	PTPRJ	0.0
-1	PDGFRB	-1
-1	CTR9	-1
75.0	RTF1	0.0
6.0	GCN1	13697.0332926
6.0	MYC	13697.0332926
-1	PSMD2	-1
230.0	PSMD6	0.0
543.0	GNB4	0.0
543.0	GNG13	0.0
55.0	POLR3H	0.0
-1	POLR2H	-1
391.0	MCL1	0.0
-1	BAD	-1
25.0	MARS	0.0
410.0	QARS	0.0
39.0	PLCG1	13162.551435
104.0	LYN	0.0
544.0	BBS2	0.0
544.0	BBS7	0.0
-1	PSMC3	-1
-1	USP14	-1
107.0	CYBA	0.0
107.0	CYBB	0.0
127.0	CCT4	0.0
127.0	CCT3	0.0
545.0	AIP	0.0
545.0	PTGES3	0.0
-1	CCNH	-1
-1	ERCC3	-1
-1	COL1A1	-1
-1	TGFBI	-1
546.0	RPS6KA3	0.0
546.0	HMGN1	0.0
133.0	SRSF6	0.0
133.0	SRPK1	0.0
547.0	MAFF	0.0
547.0	NFE2L2	0.0
3.0	PHF21A	0.0
38.0	HDAC2	0.0
-1	STXBP1	-1
436.0	USO1	0.0
414.0	TRRAP	0.0
-1	SUPT3H	-1
