__mclCluster	name	PRWP	score
204.0	GTF2H4	0.0	-1
204.0	GTF2H2	0.0	-1
205.0	COL17A1	0.0	-1
205.0	ITGA6	0.0	-1
102.0	TPM3	0.0	-1
20.0	UBE2V1	0.0	-1
206.0	NEURL4	0.0	-1
206.0	CCP110	0.0	-1
31.0	RAPGEF6	0.0	-1
207.0	EIF4A3	0.0	-1
207.0	SRSF1	0.0	-1
103.0	MAP2K3	0.0	-1
208.0	PTBP1	0.0	-1
32.0	AGO3	0.0	-1
104.0	KLHL3	0.0	-1
209.0	MAD2L1BP	0.0	-1
210.0	ANAPC11	0.0	-1
210.0	UBE2C	0.0	-1
32.0	AGO1	0.0	-1
211.0	NFATC1	0.0	-1
211.0	FOXP3	0.0	-1
105.0	GGA3	0.0	-1
106.0	RNF31	0.0	-1
212.0	HNRNPH3	0.5	-1
212.0	HNRNPA1	0.5	1.0
107.0	NAF1	0.0	-1
213.0	ZNF207	0.0	-1
213.0	BUB3	0.0	-1
50.0	SDC4	0.25	-1
214.0	SGTA	0.5	1.0
215.0	ASGR2	0.0	-1
215.0	ASGR1	0.0	-1
216.0	RBCK1	0.0	-1
216.0	SHARPIN	0.0	-1
51.0	RRP1B	0.0	-1
108.0	NFE2L1	0.0	-1
217.0	SPC25	0.0	-1
217.0	SPC24	0.0	-1
7.0	FAF1	0.0	-1
109.0	UBXN7	0.0	-1
52.0	SLC4A1	0.0	-1
51.0	PPP1R9A	0.0	-1
110.0	PUF60	0.333333333333	-1
53.0	GTF3C1	0.0	-1
103.0	DNM1L	0.0	-1
103.0	LRRK2	0.0	-1
218.0	ANK2	0.0	-1
218.0	SLC8A1	0.0	-1
219.0	OAZ1	0.0	-1
219.0	ODC1	0.0	-1
12.0	ACTB	0.0	-1
54.0	CBX1	0.25	-1
111.0	PCGF6	0.333333333333	-1
220.0	C4BPA	0.0	-1
221.0	EIF2AK3	0.0	-1
221.0	EIF2S1	0.0	-1
222.0	PTPN2	0.0	-1
223.0	NEDD4L	0.5	-1
224.0	LDHB	0.0	-1
224.0	LDHA	0.0	-1
14.0	EPHA2	0.142857142857	1.0
225.0	CNOT1	0.0	-1
225.0	TNRC6C	0.0	-1
226.0	NSMCE3	0.0	-1
226.0	NSMCE1	0.0	-1
227.0	TOR1AIP1	0.0	-1
227.0	TOR1A	0.0	-1
228.0	PEX19	0.0	-1
228.0	PXMP2	0.0	-1
51.0	SH3RF2	0.0	-1
51.0	PPP1CA	0.0	-1
229.0	MMS22L	0.0	-1
55.0	ISG15	0.0	-1
33.0	PARK7	0.4	-1
20.0	UBA52	0.0	-1
112.0	ARRDC3	0.0	-1
113.0	FAM110A	0.0	-1
56.0	ASXL1	0.25	-1
21.0	PTTG1	0.166666666667	-1
230.0	SRPK2	0.0	-1
230.0	SNRNP70	0.0	-1
15.0	RPL26	0.0	-1
231.0	APITD1	0.0	-1
231.0	STRA13	0.0	-1
209.0	BUB1B	0.0	-1
232.0	UBE4B	0.0	-1
57.0	DCTN4	0.0	-1
233.0	SAP18	0.0	-1
114.0	RAD51	0.333333333333	-1
16.0	CIITA	0.142857142857	-1
234.0	JDP2	0.0	-1
234.0	ATF2	0.0	-1
58.0	EPOR	0.25	1.0
52.0	CD79B	0.0	-1
12.0	RECQL5	0.0	-1
235.0	ATXN7	0.0	-1
14.0	RAPGEF1	0.142857142857	-1
59.0	UPF1	0.0	-1
53.0	GTF3C5	0.0	-1
236.0	SREBF1	0.5	1.0
237.0	CAPN1	0.5	1.0
237.0	KNG1	0.5	-1
238.0	LRP6	0.0	-1
238.0	FZD8	0.0	-1
22.0	RANBP1	0.166666666667	-1
239.0	STK26	0.0	-1
239.0	PDCD10	0.0	-1
23.0	NFYB	0.333333333333	-1
24.0	SLMAP	0.0	-1
1.0	TP73	0.416666666667	1.0
240.0	TPRKB	0.0	-1
240.0	OSGEP	0.0	-1
115.0	MCM2	0.333333333333	1.0
241.0	PPP2R5D	0.0	-1
241.0	SGO1	0.0	-1
242.0	RXFP2	0.5	-1
116.0	ITGA2	0.333333333333	1.0
24.0	STRN4	0.0	-1
60.0	SNRPD1	0.0	-1
34.0	PPM1D	0.0	-1
20.0	NUMBL	0.0	-1
243.0	SMC5	0.0	-1
243.0	SMC6	0.0	-1
61.0	LEO1	0.0	-1
35.0	KARS	0.0	-1
23.0	GATA2	0.333333333333	-1
244.0	IL12RB1	0.0	-1
244.0	IL12B	0.0	-1
23.0	SP1	0.333333333333	-1
117.0	KMT5A	0.0	-1
32.0	AGO2	0.0	-1
36.0	GGA2	0.0	-1
245.0	SELE	0.0	-1
245.0	SELPLG	0.0	-1
118.0	COPS7B	0.0	-1
118.0	COPS5	0.0	-1
246.0	SOD1	0.5	1.0
246.0	RNF19A	0.5	-1
247.0	EEF1G	0.0	-1
119.0	PLSCR1	0.333333333333	-1
62.0	IRAK1	0.0	-1
248.0	HIP1	0.5	1.0
37.0	TIMP1	0.4	-1
249.0	SOS1	0.0	-1
249.0	HCK	0.0	-1
63.0	ZPR1	0.5	-1
50.0	ADCY5	0.25	-1
64.0	GNAI2	0.0	-1
250.0	RMI1	0.0	-1
250.0	RMI2	0.0	-1
38.0	SF3A3	0.0	-1
251.0	KCNJ6	0.0	-1
251.0	KCNJ3	0.0	-1
120.0	CPSF6	0.0	-1
252.0	SIX4	0.0	-1
252.0	EYA3	0.0	-1
21.0	ANAPC10	0.166666666667	-1
65.0	RPL24	0.25	-1
53.0	GTF3C4	0.0	-1
53.0	GTF3C2	0.0	-1
253.0	BUB1	0.0	-1
253.0	KNL1	0.0	-1
254.0	PPP2R1B	0.0	-1
254.0	PPP2R5A	0.0	-1
255.0	PHC2	0.0	-1
256.0	EXOSC5	0.0	-1
256.0	EXOSC4	0.0	-1
257.0	DOT1L	0.0	-1
257.0	MLLT1	0.0	-1
25.0	RASSF4	0.0	-1
121.0	AP2A2	0.0	-1
39.0	TOP3A	0.0	-1
122.0	RGS16	0.0	-1
37.0	CD44	0.4	1.0
258.0	NID1	0.5	-1
258.0	HSPG2	0.5	1.0
26.0	THOC3	0.0	-1
220.0	C4B	0.0	-1
259.0	C4A	0.0	-1
259.0	CR1	0.0	-1
260.0	PIK3R1	0.5	1.0
260.0	TRAT1	0.5	-1
17.0	UBE2M	0.142857142857	-1
123.0	GALNT1	0.333333333333	-1
261.0	NF2	0.0	-1
261.0	AMOT	0.0	-1
66.0	PPP6R2	0.0	-1
262.0	CAPG	0.0	-1
124.0	PPP3CA	0.0	-1
263.0	DAXX	0.0	-1
3.0	DCAF8	0.0	-1
40.0	PPARGC1A	0.4	-1
264.0	MAP1B	0.0	-1
264.0	MAP1A	0.0	-1
265.0	BDKRB2	0.5	-1
265.0	NOS3	0.5	1.0
125.0	JAM2	0.0	-1
126.0	EME1	0.333333333333	-1
27.0	CXCL9	0.5	-1
1.0	GTF2I	0.416666666667	-1
266.0	TRIM33	0.0	-1
266.0	SMAD2	0.0	-1
229.0	TONSL	0.0	-1
267.0	MADCAM1	0.0	-1
127.0	TERF2	0.0	-1
128.0	RBSN	0.0	-1
268.0	SPG20	0.0	-1
268.0	ITCH	0.0	-1
248.0	CLTB	0.5	-1
269.0	STAG2	0.0	-1
270.0	GRAP2	0.0	-1
270.0	GAB3	0.0	-1
16.0	SAP30	0.142857142857	-1
271.0	VPS29	0.0	-1
272.0	EIF4B	0.0	-1
273.0	PKNOX1	0.0	-1
273.0	HOXB6	0.0	-1
129.0	SH2D2A	0.0	-1
274.0	PSMG2	0.0	-1
274.0	PSMG1	0.0	-1
275.0	MYRIP	0.0	-1
275.0	MYO7A	0.0	-1
130.0	ARRB2	0.0	-1
12.0	GTF2F2	0.0	-1
8.0	PTK2	0.111111111111	-1
67.0	CARM1	0.75	1.0
276.0	PFDN1	0.0	-1
41.0	ARID4A	0.6	-1
68.0	TCEA1	0.0	-1
131.0	CUBN	0.0	-1
119.0	FCGR2A	0.333333333333	-1
69.0	BRIP1	0.25	-1
277.0	ORAI1	0.0	-1
277.0	STIM1	0.0	-1
278.0	MARK2	0.0	-1
278.0	YWHAH	0.0	-1
279.0	WRN	0.5	-1
280.0	BBS1	0.0	-1
281.0	RPS6KB1	0.0	-1
281.0	RPTOR	0.0	-1
282.0	HEXIM2	0.0	-1
283.0	PRKAB2	0.0	-1
283.0	PRKAA2	0.0	-1
8.0	ITK	0.111111111111	-1
284.0	TTI1	0.0	-1
132.0	ST8SIA4	0.0	-1
63.0	LGALS3	0.5	1.0
123.0	GALNT2	0.333333333333	-1
123.0	MUC1	0.333333333333	1.0
70.0	SHFM1	0.0	-1
285.0	XCL1	0.0	-1
285.0	XCR1	0.0	-1
1.0	RELA	0.416666666667	1.0
286.0	PER1	0.0	-1
71.0	CD300LF	0.0	-1
287.0	RAD23B	0.0	-1
287.0	CETN2	0.0	-1
288.0	CHD1L	0.0	-1
133.0	MYOD1	0.0	-1
25.0	RASSF2	0.0	-1
134.0	GATAD2B	0.0	-1
289.0	CBS	0.0	-1
289.0	HTT	0.0	-1
290.0	KCNJ12	0.0	-1
291.0	DLG2	0.0	-1
291.0	CRIPT	0.0	-1
255.0	CBX8	0.0	-1
292.0	MMS19	0.0	-1
292.0	CIAO1	0.0	-1
135.0	PFDN6	0.0	-1
136.0	BAG3	0.0	-1
293.0	SNX2	0.0	-1
31.0	PTPN13	0.0	-1
31.0	TRIP6	0.0	-1
294.0	EFTUD2	0.5	-1
132.0	L1CAM	0.0	-1
132.0	NCAM1	0.0	-1
24.0	MOB4	0.0	-1
72.0	MOB1A	0.0	-1
295.0	VCAN	0.5	1.0
295.0	PLA2G2A	0.5	-1
296.0	ELN	0.0	-1
296.0	MFAP2	0.0	-1
137.0	RFC2	0.0	-1
34.0	UBB	0.0	-1
138.0	PAXIP1	0.0	-1
297.0	TSG101	0.0	-1
297.0	MGRN1	0.0	-1
298.0	AUP1	0.0	-1
298.0	UBE2G2	0.0	-1
299.0	CYB5A	0.0	-1
299.0	CYB5R3	0.0	-1
73.0	MAPK8	0.25	1.0
18.0	RCHY1	0.142857142857	1.0
74.0	SREBF2	0.5	1.0
300.0	MAP3K5	0.0	-1
300.0	MAP2K4	0.0	-1
75.0	NFRKB	0.0	-1
14.0	UBASH3B	0.142857142857	-1
42.0	FGB	0.0	-1
15.0	RPS7	0.0	-1
5.0	CDC6	0.3	1.0
301.0	HNF1A	0.5	-1
76.0	MDM4	0.0	-1
302.0	F12	0.0	-1
302.0	CD93	0.0	-1
15.0	RPL23	0.0	-1
131.0	ALB	0.0	-1
131.0	LRP2	0.0	-1
303.0	RAB9A	0.0	-1
303.0	BCL3	0.0	-1
104.0	KLHL12	0.0	-1
139.0	EED	0.333333333333	-1
304.0	INPP5D	0.0	-1
304.0	DOK3	0.0	-1
305.0	PIGR	0.0	-1
305.0	CD79A	0.0	-1
14.0	SPRY1	0.142857142857	-1
12.0	GTF2B	0.0	-1
2.0	RPL12	0.0	-1
306.0	FLT3	0.0	-1
306.0	FLT3LG	0.0	-1
140.0	POLE3	0.0	-1
59.0	HNRNPK	0.0	-1
141.0	UBE2D4	0.0	-1
142.0	PIAS1	0.666666666667	1.0
64.0	GNGT2	0.0	-1
307.0	GEMIN2	0.0	-1
38.0	SNRPA1	0.0	-1
67.0	PPARG	0.75	1.0
308.0	GCLM	0.0	-1
308.0	GCLC	0.0	-1
43.0	POLR1D	0.0	-1
309.0	NOP56	0.0	-1
309.0	NOP58	0.0	-1
310.0	GLMN	0.0	-1
310.0	FKBP4	0.0	-1
311.0	GHSR	0.5	-1
311.0	GHRL	0.5	1.0
312.0	PPIB	0.5	-1
312.0	HSPA5	0.5	1.0
313.0	SNTB1	0.0	-1
313.0	DTNA	0.0	-1
314.0	HERPUD1	0.0	-1
12.0	POLR2I	0.0	-1
143.0	KMT2A	0.333333333333	-1
144.0	FLT4	0.333333333333	1.0
145.0	ZAP70	0.0	-1
77.0	SERPINA3	0.25	-1
77.0	CELA1	0.25	-1
7.0	UBXN1	0.0	-1
315.0	RAPSN	0.0	-1
315.0	MUSK	0.0	-1
316.0	CKS2	0.5	-1
316.0	CCNB1	0.5	1.0
235.0	KAT2A	0.0	-1
36.0	CLTA	0.0	-1
317.0	CNTN1	0.0	-1
317.0	TNR	0.0	-1
318.0	HYPK	0.0	-1
318.0	NAA15	0.0	-1
146.0	ECI2	0.0	-1
319.0	ELP3	0.0	-1
319.0	ELP2	0.0	-1
147.0	SLC2A1	0.333333333333	-1
320.0	RYR1	0.0	-1
320.0	CACNA1S	0.0	-1
148.0	F5	0.0	-1
321.0	AKT2	0.5	1.0
322.0	MTA2	0.0	-1
322.0	MBD2	0.0	-1
149.0	SMURF2	0.0	-1
323.0	STX12	0.0	-1
323.0	EPB42	0.0	-1
137.0	CHTF18	0.0	-1
137.0	RFC3	0.0	-1
150.0	STX1A	0.0	-1
59.0	PABPC1	0.0	-1
59.0	PAN2	0.0	-1
151.0	HLA-G	0.0	-1
152.0	RHAG	0.0	-1
15.0	CSNK1D	0.0	-1
5.0	NPAT	0.3	-1
324.0	NME1	0.0	-1
324.0	NME2	0.0	-1
64.0	GNG11	0.0	-1
3.0	DCAF6	0.0	-1
325.0	C3	0.0	-1
44.0	ZNRF1	0.0	-1
6.0	MED24	0.0	-1
326.0	ATP6V1B1	0.0	-1
326.0	ATP6V0A1	0.0	-1
75.0	TFPT	0.0	-1
153.0	MS4A2	0.0	-1
327.0	ASF1B	0.0	-1
327.0	IPO4	0.0	-1
328.0	MYH9	0.0	-1
328.0	S100A4	0.0	-1
17.0	GPS1	0.142857142857	-1
329.0	TBL1XR1	0.0	-1
134.0	GATAD2A	0.0	-1
330.0	PLA2R1	0.0	-1
330.0	PLA2G10	0.0	-1
2.0	RPS23	0.0	-1
331.0	GRIK4	0.0	-1
331.0	GRIK2	0.0	-1
332.0	SUMO3	0.0	-1
332.0	UBA2	0.0	-1
333.0	ZNF350	0.0	-1
333.0	TRIM28	0.0	-1
334.0	MED9	0.0	-1
334.0	MED28	0.0	-1
335.0	FANCC	0.0	-1
335.0	ZBTB32	0.0	-1
12.0	CTCF	0.0	-1
336.0	USP1	0.0	-1
336.0	WDR48	0.0	-1
3.0	DCAF5	0.0	-1
45.0	CSTB	0.2	-1
20.0	RCN2	0.0	-1
154.0	POLR3G	0.0	-1
337.0	TUBA3C	0.0	-1
140.0	POLE	0.0	-1
140.0	POLE2	0.0	-1
338.0	GJC1	0.0	-1
155.0	MET	0.666666666667	1.0
339.0	POMP	0.0	-1
339.0	PSMB9	0.0	-1
78.0	COPZ1	0.0	-1
340.0	PLG	1.0	1.0
340.0	PLAU	1.0	1.0
156.0	MED29	0.0	-1
18.0	RNF111	0.142857142857	-1
9.0	ING2	0.111111111111	-1
341.0	ETV1	0.5	1.0
263.0	SPOP	0.0	-1
17.0	CDC25A	0.142857142857	1.0
342.0	ACKR2	0.5	-1
342.0	CCL2	0.5	1.0
236.0	MED15	0.5	-1
343.0	ACPP	1.0	1.0
343.0	ERBB2	1.0	1.0
157.0	NCF2	0.0	-1
158.0	WDR5	0.0	-1
344.0	TRADD	0.0	-1
79.0	MRE11A	0.25	-1
80.0	MYL12A	0.5	-1
127.0	GTF2A2	0.0	-1
127.0	GTF2A1L	0.0	-1
106.0	MALT1	0.0	-1
106.0	IKBKG	0.0	-1
159.0	UBA3	0.0	-1
116.0	ITGA1	0.333333333333	-1
116.0	COL8A1	0.333333333333	-1
16.0	IKZF1	0.142857142857	-1
46.0	ATR	0.2	-1
345.0	PRIM1	0.0	-1
346.0	EDA	0.0	-1
346.0	EDA2R	0.0	-1
81.0	THBS1	0.25	-1
81.0	DCN	0.25	-1
46.0	RNF168	0.2	-1
347.0	FOXK1	0.0	-1
347.0	BAP1	0.0	-1
348.0	STX7	0.0	-1
348.0	VAMP7	0.0	-1
349.0	RPAP3	0.0	-1
349.0	PIH1D1	0.0	-1
350.0	WAS	0.0	-1
350.0	FNBP1	0.0	-1
160.0	CSE1L	0.0	-1
33.0	TOPORS	0.4	1.0
13.0	SOCS2	0.0	-1
161.0	XRCC6	0.333333333333	-1
27.0	CCL11	0.5	-1
162.0	ERBIN	0.333333333333	-1
351.0	CASP9	0.5	-1
163.0	POLR2B	0.0	-1
82.0	IL7R	0.25	-1
18.0	CHFR	0.142857142857	-1
8.0	GRIN2B	0.111111111111	-1
164.0	RPA2	0.0	-1
165.0	GABARAPL2	0.0	-1
352.0	MSN	0.5	-1
40.0	THRA	0.4	-1
353.0	SGK1	0.0	-1
353.0	SLC9A3R2	0.0	-1
166.0	MPRIP	0.0	-1
58.0	VIL1	0.25	-1
354.0	TNFRSF1B	0.0	-1
105.0	ARF6	0.0	-1
355.0	UBE2W	0.0	-1
19.0	PEX14	0.285714285714	-1
356.0	CASP6	0.0	-1
356.0	LMNB1	0.0	-1
130.0	AP2M1	0.0	-1
167.0	TRAF3	0.0	-1
168.0	LAS1L	0.333333333333	-1
357.0	DOC2B	0.0	-1
357.0	UNC13B	0.0	-1
358.0	ITGA5	1.0	1.0
358.0	ITGB3	1.0	1.0
359.0	MAPK10	0.0	-1
359.0	ARRB1	0.0	-1
360.0	CABP2	0.0	-1
83.0	EIF2B1	0.0	-1
307.0	GEMIN6	0.0	-1
84.0	IFNGR1	0.25	-1
130.0	AP1B1	0.0	-1
35.0	DARS	0.0	-1
19.0	HMG20B	0.285714285714	-1
3.0	DCAF11	0.0	-1
85.0	KDM4A	0.0	-1
146.0	PEX5	0.0	-1
146.0	CRAT	0.0	-1
361.0	GRK1	0.0	-1
361.0	RHO	0.0	-1
362.0	EXOC4	0.0	-1
362.0	EXOC3	0.0	-1
363.0	PSEN2	0.0	-1
364.0	GCG	0.0	-1
364.0	GLP1R	0.0	-1
112.0	AKAP12	0.0	-1
112.0	ADRB2	0.0	-1
365.0	F9	0.0	-1
366.0	GDF9	0.0	-1
366.0	BMPR1A	0.0	-1
169.0	PLRG1	0.0	-1
47.0	TAL1	0.0	-1
367.0	APOC2	0.0	-1
367.0	LPL	0.0	-1
8.0	NPHS1	0.111111111111	-1
151.0	CD8A	0.0	-1
151.0	CD8B	0.0	-1
368.0	C2	0.0	-1
368.0	C5	0.0	-1
86.0	COPS4	0.0	-1
351.0	VIM	0.5	1.0
369.0	UCN	0.0	-1
369.0	CRHR2	0.0	-1
21.0	CDC26	0.166666666667	-1
87.0	ARHGAP21	0.0	-1
370.0	CCNE1	0.5	-1
170.0	RPLP2	0.0	-1
171.0	KLRC2	0.0	-1
365.0	F8	0.0	-1
371.0	TERF2IP	0.0	-1
167.0	TNFSF4	0.0	-1
167.0	TNFRSF4	0.0	-1
372.0	POLR1B	0.0	-1
372.0	POLR1E	0.0	-1
172.0	CTSD	0.0	-1
138.0	RBBP5	0.0	-1
138.0	NCOA6	0.0	-1
373.0	SNRPB	0.0	-1
373.0	SNRPE	0.0	-1
374.0	BIRC7	0.0	-1
374.0	DIABLO	0.0	-1
375.0	CD209	0.0	-1
375.0	ICAM3	0.0	-1
376.0	CD244	0.0	-1
376.0	CD48	0.0	-1
173.0	TGFBRAP1	0.0	-1
129.0	FCGR3A	0.0	-1
163.0	POLR1A	0.0	-1
163.0	POLR2E	0.0	-1
69.0	MSH2	0.25	1.0
142.0	UHRF1	0.666666666667	-1
143.0	CDX2	0.333333333333	-1
107.0	DKC1	0.0	-1
107.0	NHP2	0.0	-1
377.0	CDK5R1	0.5	1.0
377.0	CDK5RAP3	0.5	-1
7.0	NPLOC4	0.0	-1
378.0	CBLC	0.5	-1
28.0	GNG7	0.0	-1
141.0	MID2	0.0	-1
141.0	IGBP1	0.0	-1
5.0	MYBL2	0.3	-1
379.0	NFKB2	0.0	-1
15.0	GNL3	0.0	-1
70.0	PSMD3	0.0	-1
380.0	RNF20	0.0	-1
380.0	RNF40	0.0	-1
381.0	TRDN	0.0	-1
381.0	CASQ2	0.0	-1
382.0	XK	0.0	-1
382.0	KEL	0.0	-1
55.0	IRF3	0.0	-1
174.0	FBXW7	0.0	-1
7.0	UBXN4	0.0	-1
175.0	BMP8B	0.333333333333	-1
76.0	PNN	0.0	-1
3.0	DCAF1	0.0	-1
383.0	PRKD1	0.5	1.0
128.0	RAB5A	0.0	-1
128.0	RAB7A	0.0	-1
54.0	CBX5	0.25	-1
142.0	DNMT3A	0.666666666667	1.0
166.0	KRT18	0.0	-1
88.0	TAF4	0.0	-1
176.0	ARPC5	0.0	-1
384.0	ATG3	0.0	-1
384.0	MAP1LC3A	0.0	-1
385.0	AP1G1	0.0	-1
69.0	MLH1	0.25	-1
69.0	MSH6	0.25	-1
77.0	IL1B	0.25	-1
77.0	A2M	0.25	1.0
386.0	PRPH2	0.0	-1
386.0	ROM1	0.0	-1
387.0	IGFBP3	1.0	1.0
387.0	KLK3	1.0	1.0
55.0	DDX58	0.0	-1
35.0	AIMP1	0.0	-1
78.0	COPA	0.0	-1
388.0	NPR2	0.0	-1
388.0	NPPC	0.0	-1
389.0	PRLH	0.0	-1
389.0	PRLHR	0.0	-1
9.0	KLF16	0.111111111111	-1
126.0	ERCC1	0.333333333333	1.0
126.0	SLX4	0.333333333333	-1
390.0	TRAK1	0.0	-1
390.0	RHOT1	0.0	-1
40.0	JUN	0.4	1.0
177.0	CDH3	0.333333333333	-1
41.0	CCND2	0.6	-1
391.0	TERT	0.5	1.0
26.0	THOC5	0.0	-1
-1	NEDD4	-1	-1
9.0	KLF11	0.111111111111	-1
145.0	CBLB	0.0	-1
145.0	VAV1	0.0	-1
20.0	MAP3K3	0.0	-1
267.0	ITGA4	0.0	-1
247.0	SUMO2	0.0	-1
66.0	PPP6R1	0.0	-1
85.0	PRMT5	0.0	-1
392.0	TAF12	0.0	-1
392.0	TAF11	0.0	-1
393.0	USP7	0.0	-1
394.0	HLTF	0.0	-1
394.0	RAD18	0.0	-1
153.0	RASA1	0.0	-1
395.0	SNTA1	0.0	-1
395.0	ABCA1	0.0	-1
396.0	FLNA	0.0	-1
396.0	DRD1	0.0	-1
397.0	LNX2	0.0	-1
397.0	NUMB	0.0	-1
82.0	CD40	0.25	1.0
82.0	JAK3	0.25	-1
398.0	CST3	0.5	1.0
398.0	CTSS	0.5	-1
8.0	GRIN2A	0.111111111111	-1
89.0	CD19	0.25	-1
45.0	CST7	0.2	-1
45.0	CTSB	0.2	1.0
90.0	SMC2	0.0	-1
321.0	HSP90AB1	0.5	-1
29.0	CCT2	0.0	-1
22.0	RANBP2	0.166666666667	-1
399.0	IL15RA	0.0	-1
399.0	IL2RG	0.0	-1
89.0	CD81	0.25	-1
56.0	TRIM24	0.25	-1
87.0	CYTH1	0.0	-1
385.0	AP1M1	0.0	-1
400.0	CHRNA3	0.0	-1
400.0	CHRNB4	0.0	-1
401.0	RGS19	0.0	-1
401.0	GNAI1	0.0	-1
70.0	PSMD1	0.0	-1
402.0	CREB1	0.5	1.0
402.0	ATF1	0.5	-1
22.0	PTHLH	0.166666666667	1.0
48.0	CDC42EP5	0.0	-1
91.0	LSM3	0.0	-1
63.0	PRDX1	0.5	-1
403.0	TICAM1	0.0	-1
403.0	TRAF1	0.0	-1
144.0	NRP1	0.333333333333	-1
404.0	NUDC	0.0	-1
404.0	PAFAH1B1	0.0	-1
178.0	HNRNPA2B1	0.333333333333	-1
92.0	NPM1	0.25	1.0
405.0	TMED9	0.0	-1
405.0	TMED10	0.0	-1
5.0	CDT1	0.3	-1
143.0	CREBBP	0.333333333333	1.0
92.0	CDCA8	0.25	-1
8.0	DLG4	0.111111111111	-1
406.0	ITGB2	0.0	-1
406.0	TLN1	0.0	-1
407.0	ZWINT	0.0	-1
407.0	BECN1	0.0	-1
408.0	CDC73	0.0	-1
409.0	PLK1	0.5	1.0
409.0	BORA	0.5	-1
410.0	PLXNB1	0.5	-1
410.0	RND3	0.5	1.0
411.0	NCKAP1	0.0	-1
93.0	MAPK8IP1	0.25	1.0
179.0	CBX2	0.333333333333	-1
42.0	FGA	0.0	-1
42.0	PLAT	0.0	-1
117.0	KIAA0101	0.0	-1
2.0	RPS15	0.0	-1
180.0	TIPRL	0.0	-1
74.0	NTRK3	0.5	-1
360.0	CAMK2G	0.0	-1
45.0	CTSL	0.2	-1
45.0	SERPINB13	0.2	-1
412.0	VDAC1	0.0	-1
412.0	CKMT1A	0.0	-1
413.0	MEF2C	0.0	-1
413.0	HDAC7	0.0	-1
414.0	PRPF3	0.0	-1
414.0	SART3	0.0	-1
28.0	GNG12	0.0	-1
415.0	NPPB	0.0	-1
415.0	NPR3	0.0	-1
154.0	POLR3F	0.0	-1
154.0	POLR3C	0.0	-1
48.0	ARHGAP32	0.0	-1
416.0	TRAF2	0.5	-1
416.0	TNF	0.5	1.0
2.0	RPS11	0.0	-1
417.0	BRCA2	0.5	1.0
10.0	EIF3K	0.111111111111	-1
418.0	ARAF	0.0	-1
93.0	MAP3K11	0.25	-1
84.0	STAT5B	0.25	1.0
38.0	SF3B1	0.0	-1
419.0	FN1	0.0	-1
419.0	COL2A1	0.0	-1
65.0	RPL35	0.25	-1
181.0	VAMP2	0.0	-1
181.0	NAPA	0.0	-1
420.0	MLLT3	0.0	-1
-1	PCGF2	-1	-1
-1	CTTN	-1	-1
338.0	TJP1	0.0	-1
46.0	TP53BP1	0.2	1.0
421.0	ACTN4	0.5	1.0
421.0	ACTN2	0.5	-1
422.0	PNO1	0.0	-1
422.0	BYSL	0.0	-1
29.0	CCT7	0.0	-1
423.0	RIPK3	0.0	-1
423.0	FADD	0.0	-1
424.0	PIK3R2	0.0	-1
182.0	UIMC1	0.0	-1
4.0	PSMD10	0.0	-1
5.0	CCNK	0.3	-1
8.0	SKAP2	0.111111111111	-1
94.0	USP9X	0.5	-1
425.0	MAP3K2	0.0	-1
425.0	PKN2	0.0	-1
178.0	PRKCZ	0.333333333333	1.0
79.0	TOPBP1	0.25	-1
183.0	SFN	0.666666666667	1.0
184.0	SFPQ	0.0	-1
426.0	SEL1L	0.0	-1
426.0	OS9	0.0	-1
185.0	MYBBP1A	0.333333333333	-1
185.0	AR	0.333333333333	1.0
427.0	PLD1	0.0	-1
427.0	RALA	0.0	-1
417.0	KAT2B	0.5	-1
428.0	DNAJA1	0.0	-1
428.0	PARK2	0.0	-1
271.0	VPS26A	0.0	-1
293.0	VPS35	0.0	-1
429.0	ABCC9	0.0	-1
429.0	KCNJ8	0.0	-1
430.0	ARID1A	0.5	-1
144.0	KDR	0.333333333333	-1
431.0	CUL4A	0.0	-1
431.0	FBXW5	0.0	-1
23.0	MEF2D	0.333333333333	-1
432.0	EZH1	0.0	-1
432.0	SUZ12	0.0	-1
13.0	SPSB2	0.0	-1
14.0	ITSN1	0.142857142857	-1
25.0	RASSF5	0.0	-1
433.0	BMP6	1.0	1.0
433.0	BMPR1B	1.0	1.0
9.0	PGR	0.111111111111	-1
434.0	PINK1	0.0	-1
434.0	TOMM20	0.0	-1
180.0	PPP4C	0.0	-1
180.0	PPP4R3A	0.0	-1
276.0	PFDN5	0.0	-1
435.0	ARPC3	0.0	-1
93.0	KIF5A	0.25	-1
93.0	KLC1	0.25	-1
94.0	SNCA	0.5	-1
436.0	ILF3	0.0	-1
436.0	PRKDC	0.0	-1
72.0	HTRA2	0.0	-1
437.0	SLC7A11	0.0	-1
437.0	SLC3A2	0.0	-1
160.0	RAG1	0.0	-1
160.0	KPNA2	0.0	-1
75.0	INO80E	0.0	-1
438.0	TRIM6	0.0	-1
-1	BTK	-1	-1
439.0	BRINP1	0.5	-1
439.0	SIRT1	0.5	1.0
60.0	SNRPD2	0.0	-1
186.0	AXIN2	0.333333333333	-1
440.0	SREK1	0.0	-1
440.0	SRSF2	0.0	-1
441.0	AIMP2	0.0	-1
181.0	GOSR1	0.0	-1
208.0	HNRNPD	0.0	-1
214.0	HSPA8	0.5	-1
442.0	MED31	0.0	-1
442.0	MED18	0.0	-1
443.0	SNX33	0.0	-1
443.0	SNX9	0.0	-1
444.0	TCEANC	0.0	-1
444.0	ZKSCAN7	0.0	-1
139.0	CHAF1A	0.333333333333	1.0
445.0	USP22	0.0	-1
4.0	PSMC2	0.0	-1
187.0	ING3	0.0	-1
26.0	ALYREF	0.0	-1
188.0	STX3	0.0	-1
188.0	VAMP3	0.0	-1
446.0	RPS17	0.0	-1
446.0	RPS25	0.0	-1
189.0	MARK3	0.0	-1
447.0	SMAD4	0.5	1.0
447.0	PIAS4	0.5	-1
448.0	HMGA1	0.5	-1
448.0	NFKB1	0.5	1.0
190.0	PRKCG	0.0	-1
28.0	GNG3	0.0	-1
449.0	STAG1	0.0	-1
449.0	SMC1A	0.0	-1
2.0	RPS5	0.0	-1
175.0	NOG	0.333333333333	-1
175.0	BMP4	0.333333333333	1.0
450.0	WASL	0.0	-1
450.0	PFN1	0.0	-1
451.0	RLN3	0.0	-1
82.0	ALK	0.25	-1
452.0	F10	0.5	-1
453.0	CS	0.0	-1
453.0	MDH2	0.0	-1
27.0	CXCL11	0.5	-1
185.0	MYB	0.333333333333	-1
80.0	IKBKB	0.5	1.0
80.0	IKBKE	0.5	-1
454.0	TGFB1I1	0.5	1.0
454.0	CRKL	0.5	-1
133.0	MEF2A	0.0	-1
133.0	TEAD1	0.0	-1
48.0	CDC42BPA	0.0	-1
452.0	PROS1	0.5	1.0
391.0	XRCC5	0.5	-1
33.0	SATB1	0.4	-1
88.0	TAF3	0.0	-1
179.0	BMI1	0.333333333333	1.0
8.0	MAPT	0.111111111111	-1
8.0	FYN	0.111111111111	1.0
30.0	PSMB10	0.0	-1
9.0	BCL6	0.111111111111	-1
455.0	PAAF1	0.0	-1
456.0	PICK1	0.0	-1
456.0	EPHB2	0.0	-1
457.0	SHANK2	0.5	-1
457.0	SSTR2	0.5	1.0
458.0	GPAA1	0.0	-1
458.0	PIGT	0.0	-1
191.0	LBR	0.0	-1
58.0	IRS2	0.25	-1
72.0	LATS1	0.0	-1
72.0	MOB1B	0.0	-1
286.0	PER2	0.0	-1
7.0	FAF2	0.0	-1
74.0	FOS	0.5	-1
150.0	STX2	0.0	-1
150.0	STXBP2	0.0	-1
89.0	ITGB1	0.25	1.0
89.0	ITGB1BP2	0.25	-1
37.0	CXCL8	0.4	-1
355.0	RNF4	0.0	-1
29.0	TCP1	0.0	-1
459.0	AURKA	0.0	-1
459.0	INCENP	0.0	-1
460.0	FER	0.5	-1
95.0	PMAIP1	0.25	-1
68.0	TAF6	0.0	-1
461.0	PLEC	0.0	-1
461.0	SPTAN1	0.0	-1
462.0	CDKN1B	0.5	1.0
462.0	CKS1B	0.5	-1
95.0	APAF1	0.25	-1
463.0	EIF2B2	0.0	-1
192.0	STX5	0.0	-1
192.0	GOSR2	0.0	-1
114.0	MORF4L1	0.333333333333	-1
96.0	TAF9	0.0	-1
96.0	TAF13	0.0	-1
464.0	LIMK1	0.5	1.0
464.0	ROCK1	0.5	-1
465.0	SNRNP200	0.0	-1
115.0	MCM3	0.333333333333	-1
-1	STAT1	-1	1.0
47.0	TCF4	0.0	-1
28.0	GNG10	0.0	-1
466.0	PSTPIP1	0.0	-1
466.0	FASLG	0.0	-1
3.0	TRPC4AP	0.0	-1
288.0	PARP1	0.0	-1
32.0	AGO4	0.0	-1
32.0	TNRC6A	0.0	-1
97.0	PTGIR	0.0	-1
65.0	RPL19	0.25	1.0
65.0	RPL23A	0.25	-1
467.0	POLI	0.0	-1
467.0	POLH	0.0	-1
23.0	SOX9	0.333333333333	1.0
5.0	LIN54	0.3	-1
468.0	CASK	0.0	-1
468.0	KCNJ4	0.0	-1
67.0	NRIP1	0.75	-1
129.0	LCK	0.0	-1
18.0	TRIM17	0.142857142857	-1
2.0	RPS9	0.0	-1
469.0	CAPZB	0.0	-1
469.0	CAPZA1	0.0	-1
105.0	ASAP2	0.0	-1
4.0	PSMD14	0.0	-1
470.0	PSMD4	0.0	-1
33.0	SUMO1	0.4	1.0
33.0	SART1	0.4	-1
90.0	NCAPG	0.0	-1
71.0	PTPRC	0.0	-1
98.0	ASB1	0.0	-1
19.0	SUDS3	0.285714285714	-1
6.0	MED17	0.0	-1
5.0	RBL2	0.3	1.0
471.0	ATG16L1	0.0	-1
471.0	ATG12	0.0	-1
54.0	HIST3H3	0.25	1.0
472.0	MED26	0.0	-1
193.0	SEH1L	0.0	-1
473.0	MARCKS	0.0	-1
190.0	AXIN1	0.0	-1
474.0	GC	0.5	1.0
474.0	ACTC1	0.5	-1
463.0	EIF2B3	0.0	-1
43.0	POLR3B	0.0	-1
26.0	THOC1	0.0	-1
35.0	IARS	0.0	-1
114.0	PALB2	0.333333333333	1.0
75.0	UCHL5	0.0	-1
194.0	AP3S1	0.0	-1
475.0	TRAF5	0.0	-1
475.0	TNFRSF8	0.0	-1
10.0	EIF3M	0.111111111111	-1
195.0	ERBB3	1.0	1.0
2.0	RPS20	0.0	-1
171.0	CALR	0.0	-1
171.0	HLA-E	0.0	-1
44.0	TRIM32	0.0	-1
-1	ACTR2	-1	-1
46.0	ATRIP	0.2	-1
46.0	RPA1	0.2	-1
90.0	NCAPD2	0.0	-1
36.0	OCRL	0.0	-1
110.0	BAG1	0.333333333333	1.0
476.0	SMAD1	0.0	-1
476.0	WWP1	0.0	-1
21.0	CDH1	0.166666666667	1.0
47.0	TCF3	0.0	-1
15.0	NCL	0.0	-1
411.0	NCK1	0.0	-1
34.0	SSRP1	0.0	-1
430.0	SMARCA2	0.5	1.0
104.0	CUL3	0.0	-1
344.0	CASP8	0.0	-1
294.0	PRPF8	0.5	1.0
12.0	ERCC6	0.0	-1
37.0	PZP	0.4	-1
37.0	MMP9	0.4	1.0
43.0	POLR3A	0.0	-1
269.0	SMC3	0.0	-1
147.0	PML	0.333333333333	1.0
156.0	MED10	0.0	-1
156.0	CCNC	0.0	-1
196.0	CDK7	0.0	-1
91.0	LSM6	0.0	-1
477.0	CAMK4	0.0	-1
477.0	CAMKK2	0.0	-1
54.0	SETD7	0.25	-1
28.0	GNB2	0.0	-1
28.0	GNG5	0.0	-1
345.0	POLA1	0.0	-1
117.0	PCNA	0.0	-1
478.0	GABARAP	0.0	-1
479.0	DHH	0.0	-1
479.0	HHIP	0.0	-1
91.0	LSM2	0.0	-1
91.0	LSM4	0.0	-1
39.0	FAAP24	0.0	-1
39.0	FANCM	0.0	-1
2.0	RPS14	0.0	-1
408.0	WDR61	0.0	-1
67.0	NCOA2	0.75	1.0
176.0	WASF2	0.0	-1
176.0	ACTR3	0.0	-1
197.0	PEF1	0.0	-1
55.0	TRIM25	0.0	-1
480.0	SCRIB	0.0	-1
480.0	ARHGEF7	0.0	-1
86.0	COPS7A	0.0	-1
465.0	PRPF6	0.0	-1
49.0	DLL4	0.2	-1
3.0	DTL	0.0	-1
233.0	ACIN1	0.0	-1
198.0	RNF8	0.0	-1
13.0	ASB8	0.0	-1
78.0	COPB2	0.0	-1
78.0	COPG2	0.0	-1
13.0	SPSB1	0.0	-1
27.0	CXCL12	0.5	1.0
1.0	TUBA4A	0.416666666667	-1
193.0	SEC13	0.0	-1
193.0	NUP107	0.0	-1
17.0	FBXO31	0.142857142857	-1
481.0	CTBP2	0.0	-1
481.0	HIC1	0.0	-1
189.0	YWHAB	0.0	-1
189.0	RIN1	0.0	-1
393.0	RNF2	0.0	-1
109.0	LRR1	0.0	-1
166.0	YWHAQ	0.0	-1
199.0	IL20RB	0.0	-1
-1	DNMT1	-1	1.0
30.0	PSMA1	0.0	-1
482.0	STK11	0.0	-1
482.0	CDC37	0.0	-1
4.0	PSMC6	0.0	-1
383.0	HDAC5	0.5	-1
6.0	MED16	0.0	-1
25.0	RASSF6	0.0	-1
483.0	PDCD6IP	0.0	-1
483.0	VPS4B	0.0	-1
122.0	GNAO1	0.0	-1
122.0	ADRA2A	0.0	-1
149.0	UBA1	0.0	-1
149.0	UBE2L3	0.0	-1
484.0	RAMP2	0.0	-1
484.0	CALCRL	0.0	-1
485.0	CCNA1	0.5	1.0
485.0	HIST1H1A	0.5	-1
152.0	SIRPA	0.0	-1
152.0	CD47	0.0	-1
6.0	MED23	0.0	-1
486.0	NRAS	0.0	-1
486.0	SHOC2	0.0	-1
57.0	DCTN1	0.0	-1
7.0	VCPIP1	0.0	-1
487.0	CD2AP	0.0	-1
487.0	MVB12A	0.0	-1
113.0	MCC	0.0	-1
113.0	CSNK1E	0.0	-1
488.0	RUVBL2	0.0	-1
488.0	ACTR8	0.0	-1
489.0	SNAI1	0.5	-1
460.0	STAT3	0.5	1.0
186.0	GSK3B	0.333333333333	1.0
186.0	AKAP11	0.333333333333	-1
490.0	NMU	0.0	-1
490.0	NMUR2	0.0	-1
47.0	HAND2	0.0	-1
47.0	HAND1	0.0	-1
491.0	CD247	0.0	-1
491.0	CD3E	0.0	-1
492.0	TEC	0.0	-1
492.0	DOK1	0.0	-1
1.0	PIAS2	0.416666666667	-1
87.0	ARF1	0.0	-1
87.0	PIP5K1A	0.0	-1
60.0	CLNS1A	0.0	-1
60.0	SNRPD3	0.0	-1
7.0	ANKZF1	0.0	-1
109.0	CUL2	0.0	-1
62.0	IL1A	0.0	-1
493.0	RFX1	0.0	-1
493.0	RFX2	0.0	-1
39.0	FANCA	0.0	-1
39.0	FAAP100	0.0	-1
3.0	WDTC1	0.0	-1
7.0	ASPSCR1	0.0	-1
494.0	CFI	0.0	-1
494.0	CFH	0.0	-1
495.0	SLC22A1	0.0	-1
495.0	POU2AF1	0.0	-1
496.0	CREM	0.0	-1
496.0	FHL5	0.0	-1
136.0	STUB1	0.0	-1
497.0	RAN	0.0	-1
497.0	NXF1	0.0	-1
24.0	STRN	0.0	-1
173.0	TGFBR1	0.0	-1
173.0	SMURF1	0.0	-1
73.0	MBP	0.25	-1
13.0	TCEB3	0.0	-1
498.0	NUP62	0.0	-1
498.0	NUTF2	0.0	-1
40.0	NCOA1	0.4	-1
40.0	STAT6	0.4	1.0
99.0	FZR1	0.0	-1
92.0	CENPA	0.25	-1
92.0	AURKB	0.25	-1
499.0	DDX3X	0.0	-1
499.0	EIF4E	0.0	-1
16.0	ZMYM2	0.142857142857	-1
500.0	STXBP3	0.0	-1
500.0	STX4	0.0	-1
100.0	ERCC2	0.25	1.0
371.0	RAD50	0.0	-1
177.0	CDH2	0.333333333333	1.0
489.0	BTRC	0.5	1.0
501.0	CSF2	0.0	-1
501.0	CSF3R	0.0	-1
502.0	PDS5B	0.0	-1
502.0	RAD21	0.0	-1
174.0	RBX1	0.0	-1
174.0	FBXW8	0.0	-1
200.0	TUBA1A	0.0	-1
52.0	SYK	0.0	-1
52.0	PLCG2	0.0	-1
31.0	NGFR	0.0	-1
31.0	RIPK2	0.0	-1
158.0	ASH2L	0.0	-1
158.0	HCFC1	0.0	-1
21.0	CDC27	0.166666666667	-1
21.0	FBXO5	0.166666666667	-1
13.0	SPSB4	0.0	-1
194.0	AP3D1	0.0	-1
194.0	AP3B1	0.0	-1
6.0	MED13	0.0	-1
503.0	ASB2	0.0	-1
30.0	PSMA6	0.0	-1
504.0	FAS	0.5	1.0
504.0	CASP10	0.5	-1
505.0	HRAS	0.5	1.0
505.0	PDE6D	0.5	-1
3.0	DCAF4	0.0	-1
272.0	CASP3	0.0	-1
506.0	ABL1	0.0	-1
506.0	MAP4K1	0.0	-1
101.0	E2F2	0.25	-1
101.0	CDK3	0.25	-1
18.0	RNF25	0.142857142857	-1
378.0	SRC	0.5	1.0
507.0	TAF1	0.5	-1
507.0	HMGB1	0.5	1.0
508.0	BCAR1	0.5	1.0
508.0	PTPRF	0.5	-1
71.0	IFNAR1	0.0	-1
10.0	EIF3H	0.111111111111	1.0
10.0	EIF3D	0.111111111111	-1
509.0	YY1	0.5	1.0
509.0	INO80	0.5	-1
510.0	MED12	0.0	-1
510.0	MED4	0.0	-1
473.0	PRKCB	0.0	-1
190.0	GSK3A	0.0	-1
22.0	NUP98	0.166666666667	-1
73.0	MAPK13	0.25	-1
73.0	MAPK8IP2	0.25	-1
97.0	FFAR1	0.0	-1
438.0	TRIM5	0.0	-1
511.0	SMARCC1	0.0	-1
86.0	COPS6	0.0	-1
86.0	COPS2	0.0	-1
2.0	RPS2	0.0	-1
6.0	MED21	0.0	-1
6.0	MED6	0.0	-1
41.0	MAPK14	0.6	1.0
370.0	E2F1	0.5	1.0
512.0	RLIM	0.0	-1
513.0	MZB1	0.0	-1
513.0	CASP2	0.0	-1
5.0	CDC25B	0.3	1.0
179.0	CBX4	0.333333333333	-1
-1	PHC1	-1	-1
183.0	ZBTB16	0.666666666667	1.0
98.0	DCUN1D1	0.0	-1
172.0	LRP1	0.0	-1
172.0	APP	0.0	-1
62.0	MYD88	0.0	-1
62.0	IL1R1	0.0	-1
124.0	EGLN1	0.0	-1
124.0	FKBP8	0.0	-1
514.0	VWF	0.0	-1
514.0	GP1BA	0.0	-1
352.0	ICAM1	0.5	1.0
325.0	ITGAM	0.0	-1
5.0	H1F0	0.3	-1
515.0	POLA2	0.0	-1
515.0	PRIM2	0.0	-1
516.0	DRP2	0.0	-1
516.0	UTRN	0.0	-1
50.0	PRKCA	0.25	1.0
50.0	DGKZ	0.25	-1
517.0	GIP	0.0	-1
517.0	GIPR	0.0	-1
201.0	COPZ2	0.333333333333	-1
518.0	VIPR1	1.0	1.0
518.0	VIP	1.0	1.0
519.0	MAP3K1	1.0	1.0
519.0	CHUK	1.0	1.0
-1	PIN1	-1	1.0
223.0	SMAD3	0.5	1.0
202.0	SNTG1	0.0	-1
110.0	SIAH1	0.333333333333	-1
17.0	FBXO11	0.142857142857	-1
7.0	VCP	0.0	-1
314.0	AMFR	0.0	-1
27.0	DPP4	0.5	1.0
27.0	CXCL10	0.5	1.0
159.0	RPL11	0.0	-1
29.0	CCT6A	0.0	-1
64.0	GNB1	0.0	-1
520.0	TRAPPC3	0.0	-1
520.0	TRAPPC8	0.0	-1
84.0	JAK2	0.25	-1
84.0	BCR	0.25	-1
108.0	TSC22D4	0.0	-1
521.0	LLGL2	0.0	-1
521.0	PARD6A	0.0	-1
111.0	PCGF1	0.333333333333	-1
111.0	RING1	0.333333333333	1.0
242.0	RLN2	0.5	1.0
451.0	RXFP1	0.0	-1
182.0	FAM175A	0.0	-1
182.0	BRCC3	0.0	-1
139.0	RBBP4	0.333333333333	-1
11.0	PSMB1	0.0	-1
164.0	USP16	0.0	-1
164.0	CDK1	0.0	-1
118.0	COPS3	0.0	-1
1.0	CDKN1A	0.416666666667	1.0
522.0	PTPN11	0.0	-1
522.0	PXN	0.0	-1
523.0	COL5A1	0.0	-1
523.0	COL5A3	0.0	-1
38.0	SF3B2	0.0	-1
38.0	SF3A2	0.0	-1
524.0	SEPT2	0.0	-1
524.0	SEPT7	0.0	-1
525.0	PDHA1	0.0	-1
525.0	PDK1	0.0	-1
503.0	RNF7	0.0	-1
222.0	INSR	0.0	-1
526.0	TNFSF10	1.0	1.0
526.0	TNFRSF11B	1.0	1.0
11.0	PSMA5	0.0	-1
26.0	THOC2	0.0	-1
26.0	DDX39B	0.0	-1
187.0	DMAP1	0.0	-1
187.0	SRCAP	0.0	-1
41.0	CCND3	0.6	1.0
41.0	RB1	0.6	1.0
30.0	PSMB8	0.0	-1
30.0	PSMA2	0.0	-1
19.0	CCND1	0.285714285714	1.0
329.0	HDAC3	0.0	-1
527.0	RPS26	0.0	-1
527.0	RPS12	0.0	-1
61.0	PAF1	0.0	-1
1.0	KAT5	0.416666666667	-1
1.0	ACTL6A	0.416666666667	-1
528.0	RAD51C	0.0	-1
528.0	XRCC2	0.0	-1
529.0	RAD23A	0.0	-1
529.0	XPC	0.0	-1
512.0	UBE2D1	0.0	-1
16.0	CHD3	0.142857142857	-1
2.0	RPS29	0.0	-1
99.0	CDC20	0.0	-1
88.0	TAF8	0.0	-1
88.0	TAF10	0.0	-1
201.0	COPG1	0.333333333333	-1
530.0	POLR2J	0.0	-1
530.0	POLR2G	0.0	-1
11.0	PSMB5	0.0	-1
531.0	BANF1	0.0	-1
531.0	TMPO	0.0	-1
-1	KDM1A	-1	-1
134.0	MBD3	0.0	-1
198.0	UBE2E2	0.0	-1
198.0	MID1	0.0	-1
532.0	FANCG	0.0	-1
532.0	XRCC3	0.0	-1
199.0	IL20RA	0.0	-1
199.0	IL20	0.0	-1
161.0	BCL2L11	0.333333333333	-1
161.0	BAX	0.333333333333	1.0
533.0	GUCY2C	0.0	-1
533.0	GUCA2A	0.0	-1
534.0	FGG	0.5	1.0
534.0	F13A1	0.5	-1
9.0	SIN3A	0.111111111111	-1
9.0	IKZF3	0.111111111111	-1
44.0	OTUB1	0.0	-1
56.0	RARA	0.25	1.0
535.0	ORC4	0.0	-1
535.0	ORC1	0.0	-1
232.0	UBE2D3	0.0	-1
-1	BIRC3	-1	1.0
536.0	AP1M2	0.0	-1
536.0	TGOLN2	0.0	-1
57.0	ACTR1A	0.0	-1
57.0	DCTN2	0.0	-1
537.0	CCNT1	0.0	-1
537.0	SUPT5H	0.0	-1
538.0	SMN1	0.0	-1
538.0	SNRPB2	0.0	-1
165.0	ATG13	0.0	-1
165.0	ULK1	0.0	-1
22.0	KPNB1	0.166666666667	-1
22.0	KPNA6	0.166666666667	-1
101.0	E2F3	0.25	1.0
101.0	TFDP2	0.25	-1
539.0	TSLP	0.5	-1
539.0	STAT5A	0.5	1.0
6.0	MED25	0.0	-1
472.0	MED1	0.0	-1
125.0	F2RL2	0.0	-1
125.0	JAM3	0.0	-1
170.0	RPLP0	0.0	-1
170.0	RPLP1	0.0	-1
201.0	COPE	0.333333333333	1.0
-1	COPB1	-1	-1
13.0	FEM1B	0.0	-1
13.0	TCEB1	0.0	-1
162.0	NOD2	0.333333333333	-1
162.0	MAP3K7	0.333333333333	1.0
56.0	NR0B2	0.25	-1
83.0	EIF2B5	0.0	-1
540.0	WASF1	0.0	-1
540.0	CYFIP2	0.0	-1
48.0	PRKCI	0.0	-1
48.0	CDC42	0.0	-1
79.0	BRCA1	0.25	1.0
79.0	MRPL36	0.25	-1
301.0	CTNNB1	0.5	1.0
379.0	FBXW11	0.0	-1
24.0	STRN3	0.0	-1
24.0	STK24	0.0	-1
1.0	SKP2	0.416666666667	1.0
541.0	PCSK2	0.0	-1
541.0	SCG5	0.0	-1
203.0	SMARCE1	0.0	-1
203.0	SMARCC2	0.0	-1
3.0	DCAF12	0.0	-1
3.0	DDB1	0.0	-1
542.0	G3BP1	0.0	-1
542.0	EIF4G1	0.0	-1
-1	IRS1	-1	1.0
424.0	PIK3CA	0.0	-1
66.0	PPP6C	0.0	-1
66.0	PPP6R3	0.0	-1
99.0	ANAPC2	0.0	-1
99.0	MAD2L1	0.0	-1
203.0	SMARCD1	0.0	-1
511.0	SMARCB1	0.0	-1
168.0	SENP3	0.333333333333	-1
168.0	PELP1	0.333333333333	1.0
202.0	PGM5	0.0	-1
202.0	DMD	0.0	-1
63.0	EGFR	0.5	1.0
136.0	HSPA4	0.0	-1
-1	COL1A2	-1	-1
121.0	AMPH	0.0	-1
121.0	SH3GL2	0.0	-1
148.0	PROC	0.0	-1
148.0	THBD	0.0	-1
5.0	CDK2	0.3	-1
115.0	MCM4	0.333333333333	-1
42.0	F2	0.0	-1
42.0	SERPINA5	0.0	-1
543.0	SIN3B	0.0	-1
543.0	MAD1L1	0.0	-1
11.0	PSMA4	0.0	-1
11.0	PSMB6	0.0	-1
-1	ARPC2	-1	-1
435.0	ARPC5L	0.0	-1
6.0	CDK8	0.0	-1
6.0	MED14	0.0	-1
195.0	WWOX	1.0	1.0
195.0	ERBB4	1.0	1.0
14.0	MST1R	0.142857142857	-1
14.0	CBL	0.142857142857	-1
177.0	CTNNA1	0.333333333333	-1
-1	APC	-1	1.0
544.0	GRIA2	0.0	-1
544.0	GRIP1	0.0	-1
147.0	UBE2I	0.333333333333	-1
183.0	HDAC4	0.666666666667	-1
20.0	TRAF6	0.0	-1
11.0	PSMB4	0.0	-1
135.0	PFDN4	0.0	-1
135.0	VBP1	0.0	-1
545.0	DCAF7	0.0	-1
545.0	DYRK1A	0.0	-1
546.0	MTOR	0.0	-1
546.0	DEPTOR	0.0	-1
547.0	E2F4	0.0	-1
547.0	LIN9	0.0	-1
184.0	SF3B3	0.0	-1
184.0	TCERG1	0.0	-1
49.0	MFNG	0.2	-1
470.0	PSMD13	0.0	-1
548.0	MAGED1	0.0	-1
548.0	MSX2	0.0	-1
74.0	MAPK1	0.5	1.0
119.0	SHC1	0.333333333333	1.0
-1	PRKCD	-1	1.0
34.0	SUPT16H	0.0	-1
34.0	H2AFX	0.0	-1
2.0	RPS3	0.0	-1
2.0	RPS16	0.0	-1
15.0	MDM2	0.0	-1
354.0	CSNK1A1	0.0	-1
19.0	MXD1	0.285714285714	-1
549.0	LAT	0.0	-1
85.0	HIST1H3A	0.0	-1
85.0	HAT1	0.0	-1
-1	XIAP	-1	1.0
280.0	BBS9	0.0	-1
478.0	SQSTM1	0.0	-1
108.0	KEAP1	0.0	-1
100.0	GTF2H3	0.25	-1
100.0	MNAT1	0.25	-1
19.0	DDX5	0.285714285714	-1
95.0	BCL2L1	0.25	1.0
95.0	SIVA1	0.25	-1
25.0	STK3	0.0	-1
25.0	STK4	0.0	-1
96.0	TAF5	0.0	-1
96.0	TAF7	0.0	-1
68.0	TBP	0.0	-1
68.0	ZNF76	0.0	-1
10.0	EIF3C	0.111111111111	-1
83.0	EIF2B4	0.0	-1
83.0	EIF2S2	0.0	-1
98.0	CUL5	0.0	-1
98.0	TCEB2	0.0	-1
4.0	PSMC1	0.0	-1
102.0	CNN1	0.0	-1
102.0	ACTA1	0.0	-1
262.0	NCAPH	0.0	-1
90.0	SMC4	0.0	-1
290.0	APBA1	0.0	-1
363.0	PSEN1	0.0	-1
550.0	PPBP	0.0	-1
550.0	CTSG	0.0	-1
551.0	KDM2B	0.0	-1
551.0	SKP1	0.0	-1
10.0	EIF3F	0.111111111111	-1
10.0	EIF3L	0.111111111111	-1
120.0	CSTF2	0.0	-1
120.0	BARD1	0.0	-1
10.0	EIF3E	0.111111111111	-1
10.0	EIF3B	0.111111111111	-1
18.0	UBE2D2	0.142857142857	-1
18.0	RNF115	0.142857142857	-1
552.0	RIPK1	0.0	-1
552.0	BIRC2	0.0	-1
169.0	CDC5L	0.0	-1
169.0	PRPF19	0.0	-1
200.0	HDAC6	0.0	-1
200.0	TUBB	0.0	-1
553.0	OSM	0.5	1.0
553.0	OSMR	0.5	-1
4.0	PSMD8	0.0	-1
12.0	POLR2A	0.0	-1
196.0	GTF2H1	0.0	-1
17.0	FBXO7	0.142857142857	-1
17.0	CUL1	0.142857142857	-1
554.0	RBBP7	0.5	-1
554.0	MTA1	0.5	1.0
555.0	XRCC4	0.0	-1
555.0	APLF	0.0	-1
282.0	CDK9	0.0	-1
420.0	AFF4	0.0	-1
49.0	LFNG	0.2	-1
36.0	CLTC	0.0	-1
36.0	TOM1L1	0.0	-1
279.0	ATM	0.5	1.0
284.0	TELO2	0.0	-1
159.0	NEDD8	0.0	-1
178.0	VHL	0.333333333333	-1
341.0	RPS6KA1	0.5	-1
337.0	NFKBIA	0.0	-1
11.0	PSMB3	0.0	-1
30.0	PSMA3	0.0	-1
556.0	VAV2	0.0	-1
556.0	RHOG	0.0	-1
4.0	PSMD7	0.0	-1
4.0	PSMD12	0.0	-1
76.0	YWHAG	0.0	-1
76.0	CCNY	0.0	-1
197.0	ALG2	0.0	-1
197.0	ANXA11	0.0	-1
19.0	HDAC1	0.285714285714	1.0
23.0	EP300	0.333333333333	1.0
418.0	YWHAE	0.0	-1
-1	CDC25C	-1	1.0
49.0	NOTCH1	0.2	1.0
49.0	DTX1	0.2	-1
97.0	PLCB1	0.0	-1
97.0	GNAQ	0.0	-1
44.0	UBE2N	0.0	-1
44.0	RNF103	0.0	-1
11.0	PSMB2	0.0	-1
11.0	PSMA7	0.0	-1
557.0	TNFRSF13B	0.0	-1
557.0	CAMLG	0.0	-1
1.0	EP400	0.416666666667	-1
80.0	RUVBL1	0.5	1.0
9.0	NCOR2	0.111111111111	1.0
9.0	NCOR1	0.111111111111	-1
558.0	CCR1	0.5	1.0
558.0	CCL1	0.5	-1
455.0	PSMC5	0.0	-1
4.0	PSMD11	0.0	-1
559.0	EPHB4	0.5	1.0
559.0	EFNB2	0.5	-1
560.0	OPTN	0.0	-1
560.0	TBK1	0.0	-1
549.0	LCP2	0.0	-1
71.0	PTPN6	0.0	-1
155.0	PTPRJ	0.666666666667	-1
155.0	PDGFRB	0.666666666667	1.0
61.0	CTR9	0.0	-1
61.0	RTF1	0.0	-1
1.0	GCN1	0.416666666667	-1
1.0	MYC	0.416666666667	1.0
-1	PSMD2	-1	-1
70.0	PSMD6	0.0	-1
561.0	GNB4	0.0	-1
561.0	GNG13	0.0	-1
43.0	POLR3H	0.0	-1
43.0	POLR2H	0.0	-1
94.0	MCL1	0.5	1.0
94.0	BAD	0.5	1.0
35.0	MARS	0.0	-1
441.0	QARS	0.0	-1
58.0	PLCG1	0.25	-1
153.0	LYN	0.0	-1
562.0	BBS2	0.0	-1
562.0	BBS7	0.0	-1
4.0	PSMC3	0.0	-1
4.0	USP14	0.0	-1
157.0	CYBA	0.0	-1
157.0	CYBB	0.0	-1
29.0	CCT4	0.0	-1
29.0	CCT3	0.0	-1
563.0	AIP	0.0	-1
563.0	PTGES3	0.0	-1
100.0	CCNH	0.25	-1
196.0	ERCC3	0.0	-1
81.0	COL1A1	0.25	-1
81.0	TGFBI	0.25	1.0
564.0	RPS6KA3	0.5	1.0
564.0	HMGN1	0.5	-1
191.0	SRSF6	0.0	-1
191.0	SRPK1	0.0	-1
565.0	MAFF	0.0	-1
565.0	NFE2L2	0.0	-1
16.0	PHF21A	0.142857142857	-1
16.0	HDAC2	0.142857142857	1.0
188.0	STXBP1	0.0	-1
192.0	USO1	0.0	-1
445.0	TRRAP	0.0	-1
-1	SUPT3H	-1	-1
